district,state_ut,households_surveyed,women_interviewed,school_ever, sex_ratio,literacy,schooling_10plus,child_marriage,clean_fuel,clean_water,sanitation,health_insurance,menstrual_hygiene,bmi_low,bmi_high,anaemia_all,anaemia_teen,sugar_high,sugar_veryhigh,bp_mild,bp_severe,breast_cancer_screening,oral_cancer_screening,tobacco,alcohol,education_gap
Nicobars,Andaman & Nicobar Islands,882,764,78,973,87.5,53.5,11.4,56.9,98.8,83.5,2.7,100,8.2,39.1,38.3,48,7.4,3.9,23.2,8.5,13.2,5.4,63.5,29.6,24.5
North & Middle Andaman ,Andaman & Nicobar Islands,874,789,82.7,950,84,41,15.4,61.3,92.2,86.4,2.1,100,8.6,35.9,62.1,47.8,7.2,6.4,18.4,4,0.3,15.8,46.8,5.1,41.7
South Andaman ,Andaman & Nicobar Islands,868,844,84.7,967,86.7,57.5,17.1,91.9,97.9,89.3,1.2,98.2,10,39,57.7,43.2,7.5,9.5,12.7,4.9,0.7,8,19.6,1.7,27.2
Srikakulam ,Andhra Pradesh,874,780,60,1140,64.3,42.5,25.4,74.7,87.7,71.6,75.6,78,13.8,27.2,62.6,59.2,8.2,7.8,12.8,5.9,0.2,3.8,7.1,0.6,17.5
Vizianagaram ,Andhra Pradesh,902,853,56,1114,58.3,37.6,33.7,60.3,93.1,61.7,76.7,72.5,16.9,28.8,64,73.9,6.2,7,12.9,6.6,0.6,7.3,11.4,0.8,18.4
Visakhapatnam ,Andhra Pradesh,869,818,66.8,1066,69.5,46,25.4,72.9,91.8,77.8,64.9,85.7,17.4,23.8,58,58.9,6.1,8.6,12.1,5.9,0.7,4.1,6.3,1.3,20.8
East Godavari ,Andhra Pradesh,888,824,75.4,995,77.9,43.2,26,80.3,97.9,77.7,66.4,71,10.2,44.4,63,65.2,7.5,12.7,13,6.6,1,4.8,3.2,0.7,32.2
West Godavari ,Andhra Pradesh,884,841,75.4,999,77,46.5,22.1,86.8,99.1,80.8,67.6,84.4,10.1,45.3,63,66.8,7.3,13.1,14.7,6.1,1.8,13.1,2.2,0.2,28.9
Krishna ,Andhra Pradesh,865,820,74,1064,76.9,46.2,25.3,89.8,94.4,79.1,68.1,92.6,10.5,40.6,60.3,59,7.9,13.4,13.4,4.3,2.1,12.3,1.4,0.4,27.8
Guntur ,Andhra Pradesh,851,807,64.9,1055,68.5,32.6,35.4,91.7,99.3,83.4,71.1,88,9.6,46.4,59.5,54.6,7.8,13,14.7,5.9,0.2,14.6,1.6,0.2,32.3
Prakasam ,Andhra Pradesh,821,689,58.1,1011,62.8,34.5,37.3,90.8,98.6,78.4,67.6,86.6,14.4,39.5,60.4,64.8,7.9,12.6,14.6,6.4,0.2,10,2.2,0.3,23.6
Sri Potti Sriramulu Nello ,Andhra Pradesh,865,922,67.9,1049,70.5,38.7,23.8,84.6,95.6,81.8,72.3,84,15.2,39.5,59.4,68.6,8.2,12.3,12.7,4.5,0.8,6.7,4.4,0.3,29.2
Y.S.R. ,Andhra Pradesh,910,1017,61.9,1058,63.8,40,25.6,94.3,99.9,85.4,73.3,92.5,15.9,33.9,56.1,60.2,8.4,8.7,13.6,5.7,0.9,3.6,3.1,0.2,21.9
Kurnool ,Andhra Pradesh,870,908,55.2,1045,57,33.4,36.9,78.1,97.9,73.5,73.3,78.9,20.6,29,58.6,61.1,6.9,6.9,18.3,5.1,0.2,2.9,2.1,0.4,21.8
Anantapur ,Andhra Pradesh,882,868,59.5,1047,63.6,31.3,37.3,86.4,98.8,71.3,73.2,95,21.9,29.3,50.5,50,5.4,7.8,12.4,8.5,0.4,4,5,0.6,28.2
Chittoor ,Andhra Pradesh,865,828,65.6,1024,69.3,40.3,28.1,86.6,98.5,74.6,70.7,94.7,20.1,33.4,51.8,43.9,6.9,8.4,10.7,5.4,0.3,4,4.3,0.4,25.3
Tawang ,Arunachal Pradesh,905,924,59.3,1063,59.1,39.2,11.9,88.1,99.8,81.7,33.5,88.4,1.2,35.4,59.1,76.3,3.1,0.7,17.4,11.7,0.8,0.7,5.1,23.4,20.1
West Kameng ,Arunachal Pradesh,959,1122,73,971,73.7,43.6,12.5,88.9,99.8,88.9,38.3,90.3,1.9,25.7,37.4,50.9,3.6,0.7,12.4,4.3,0.5,0.2,13.9,19.5,29.4
East Kameng ,Arunachal Pradesh,940,1002,63.1,985,62.2,31.8,26.5,49.5,93.6,75.6,25.1,85.4,4.8,19.6,26.2,39.5,4.3,4,14.1,4.4,0.2,0.7,24.9,27.4,31.3
Papum Pare ,Arunachal Pradesh,950,1017,77.6,1039,78.2,50.5,25.4,81.3,92.9,75.7,26.9,95.4,5.3,31.1,38.4,44.4,4.8,3,13.6,3.5,1.2,2,16.1,16.1,27.1
Upper Subansiri ,Arunachal Pradesh,988,1092,61.4,1052,64.3,31.8,26.7,32.8,94.7,80.9,21.5,92.7,2.8,25,36.7,39.2,3.6,2.2,17.7,5.9,0.1,0.3,19.8,42.8,29.6
Upper Siang ,Arunachal Pradesh,935,901,69.5,894,74.4,34.8,17.1,36.3,99.8,91.8,34.6,91.5,2.4,27.3,29.2,27.2,4,2.9,16,9.3,0.4,0.4,21.3,22,34.7
Changlang ,Arunachal Pradesh,981,1168,74.6,963,77.6,30.5,16.8,34.1,81.8,82.3,40.5,89.1,10.5,17.1,57.2,67.1,5.6,3.1,13.8,6.7,0,0,21.9,30,44.1
Lower Subansiri ,Arunachal Pradesh,986,1094,73.1,1016,76.8,49.9,16,60.8,98.1,82.8,24.5,92.4,4.3,23.2,40.5,59.4,4.9,3.6,17.1,7.6,0.7,0.8,18,16.8,23.2
Dibang Valley ,Arunachal Pradesh,925,868,67.6,983,77.8,43.2,20.7,49.3,100,95,28.7,88.6,3.8,21.7,62.9,67.7,3.5,5.2,20.6,10.6,0.4,0.8,20.3,27.9,24.4
Lower Dibang Valley ,Arunachal Pradesh,968,1090,76.8,1010,81.6,51.9,13.8,57.4,99.5,89.9,36.8,96,4.1,16.8,34.6,39.4,4.6,4.1,16.7,8.1,0.2,0.2,20.6,20.3,24.9
Anjaw ,Arunachal Pradesh,932,828,61.5,939,67.9,28.8,21.8,29,86.6,86.8,17.5,89,2.4,22.8,35.9,42.2,4,8.7,21.8,7.6,0.6,0.2,22.1,31.6,32.7
East Siang ,Arunachal Pradesh,976,1157,76.8,1059,83.8,55.6,14.9,52.4,97.3,83.9,30.5,87.8,6.8,27.9,35.2,40.4,5.6,3.4,18,8.5,0.2,0.8,24.7,18.8,21.2
Kra Daadi ,Arunachal Pradesh,516,524,58.1,976,55.3,27.4,24.8,78.3,99.8,89.3,24,89.6,2,29.8,22.6,37.2,2.7,0.9,13.7,4.6,0.3,0.6,9.9,11.5,30.7
Kurung Kumey ,Arunachal Pradesh,542,650,72.6,997,76.5,34.7,19.8,57.3,99.8,78.3,13.4,96.1,2.7,23.3,34.8,42.2,4.1,1.9,14,3.3,0,1.4,16.4,27.5,37.9
Lohit ,Arunachal Pradesh,964,1129,73.3,1001,73.4,37.3,20,63.9,96.9,83.7,31.9,91.4,8,30.9,47.2,51.5,4,4.8,14.8,4.9,1.3,1.1,17.8,20.9,36
Longding ,Arunachal Pradesh,946,935,63.2,926,71.9,27.7,7.9,22.4,62.5,83.5,23.8,92,4,13.7,34.1,37.7,5.3,4.9,15.7,4.1,0,0,16,21.8,35.5
Namsai ,Arunachal Pradesh,989,1156,72.1,982,67.1,22.2,26.7,28.7,93.5,75.1,30.9,93,12.8,18,58.6,58.5,5.6,3,17.5,7.7,0,0,25.3,28.4,49.9
Siang ,Arunachal Pradesh,960,1106,78.6,968,87.4,50.6,10,27.6,96.3,91.2,26.1,98.1,6.5,15.8,23.9,23.4,5.2,2.5,14.9,8.7,0.2,0.2,19.6,27.3,28
Tirap ,Arunachal Pradesh,961,934,69,964,75.1,40.2,12,50.4,93.8,86.7,30.8,88.4,5.5,28.3,32,53,4.6,3.3,16.7,7.8,0.2,0.2,12.7,16.4,28.8
West Siang ,Arunachal Pradesh,945,1068,73.6,1018,77.9,46.3,18.9,57.1,99.1,87.7,26.6,94.2,4.4,27.4,30.5,36.7,4.9,3.6,23.3,8.5,0.1,0.4,16.9,26.9,27.3
Kokrajhar ,Assam,897,1052,75.2,1025,73.7,27.5,36.2,43.3,87.3,72.2,50.2,72.3,10.6,13.7,59.5,63.7,5.9,2.9,11.3,5.3,0.6,0.2,25.7,12.3,47.7
Goalpara ,Assam,917,1158,78.5,1007,74.1,23.4,41.8,36.3,90.7,75.3,71.1,64.5,12.2,15.3,64.9,66.9,6,3,11.1,3.3,0.2,0,15.6,5,55.1
Barpeta ,Assam,914,1163,75.4,1027,74.8,31.7,40.1,38.7,98.1,63.7,58.9,61.5,14.6,16.6,64.8,70.7,8.1,4.3,9.6,3.9,0.2,0,14.3,0.7,43.7
Morigaon ,Assam,915,1071,79.1,1055,78.7,24.5,39.1,37.6,94.6,62.3,62.5,69.1,15,14.2,64.2,71.8,5.5,4.4,12.7,4.9,0.2,0.2,29.9,1.9,54.6
Lakhimpur ,Assam,916,957,83.2,983,83.9,42.1,36.3,36.1,81.2,74.2,67,79.7,17.3,12.4,65.4,71.5,5,3.5,13,4.4,0,0,27.2,15.5,41.1
Dhemaji ,Assam,918,989,77.3,1028,81.5,43.6,32,21.6,95.3,70.8,66.8,74.7,12.1,15.6,62.9,59.3,4.9,2.2,10.1,4.6,0,0,26.2,30.6,33.7
Tinsukia ,Assam,919,1062,72.6,1023,70.5,25.6,19.8,40.9,96.8,66.7,60,74.6,17.6,16.9,72.8,71.5,8.9,4.7,9.6,4.7,0.2,0.2,23.1,15.7,47
Dibrugarh ,Assam,920,1086,79.5,1002,76.6,33.7,23,44.7,98.1,75.3,58.8,79.8,20.3,20.9,70.8,64.3,7.9,6.6,10.7,4.3,0.2,0.5,27.9,19,45.8
Golaghat ,Assam,919,1028,77.6,1002,75.1,27.9,20.7,33.1,93.7,73.1,69.3,70.6,25.1,16,77.2,74.7,6.4,4.7,10.7,6.9,0.2,0.2,21.6,10.4,49.7
Dima Hasao ,Assam,918,1001,85.1,959,87.7,42.4,16.5,48.2,50.2,83.8,61.9,79.1,10,16.2,60.5,70.9,5.6,2.4,11.2,3.5,0,0,21.3,23.9,42.7
Cachar ,Assam,907,1110,80.5,1012,77.2,25.8,29.9,43,43.8,57.6,57.9,57.8,19.7,9.1,57.4,57.6,6.4,6.1,9.7,3.7,0,0.2,33.2,2.5,54.7
Karimganj ,Assam,917,1170,82.1,1000,80.7,19.6,27.7,39.6,62.3,61.5,64.4,59.8,17.8,6.6,52,60.6,6.3,4.3,9,2.6,0,0.5,43,1.4,62.5
Hailakandi ,Assam,905,1057,81.5,1054,82.2,25.3,32.9,35.2,41.2,60,53.6,56.1,25.7,10.9,61.4,58.1,7.1,5.8,12.2,5.8,0,0,45.1,3.1,56.2
Bongaigaon ,Assam,916,1092,77,998,75.8,28.6,41.7,49.8,95.3,72.5,57.6,69,13.1,16.9,70.6,73.8,7.6,4,7.9,4,0.8,0.7,18.8,1,48.4
Chirang ,Assam,912,1076,71.5,1015,71.5,23,30.9,44.5,92.1,77.1,61.5,63.5,17.2,13.3,65.2,68.8,5.7,2.6,14,5.2,0.2,0.2,18.6,8.9,48.5
Kamrup ,Assam,894,1021,79.4,997,79.6,39.2,21.9,57.4,92.1,68.7,47,62.1,12.9,23.5,71.5,72.5,7.1,8.4,12,3.9,0,0.3,14.3,3.2,40.2
Kamrup Metropolitan ,Assam,903,926,87.5,946,86,49.1,21.9,85.1,87.2,65.2,45.5,86.3,12.6,21.3,74.6,80.6,8.3,6.8,8.2,2.6,0.2,0.4,11.8,3.9,38.4
Nalbari ,Assam,886,1011,81.8,1043,83.9,41.6,28.1,51.1,99.5,68.1,52.5,74,16.4,21.8,66.4,66.8,8,8,12,5,1,0.8,11.7,2.4,40.2
Baksa ,Assam,921,1175,74.1,1057,74.8,27.8,24.9,35.2,89.8,68.9,69,67,15.1,18.8,73.6,76.6,8.7,4,15,7.2,0.3,0,14.9,11.9,46.3
Darrang ,Assam,918,1053,75.2,929,75.6,27.5,42.8,30.1,99.7,67.9,53.7,62.2,17.4,13.3,70.4,69.9,7,3.4,9.6,4.3,0,0,10.2,0.3,47.7
Udalguri ,Assam,916,1088,70.6,1087,70,23.8,32,34,82.3,73.8,70.6,61.8,16.1,14,81.5,72.6,6.6,4.6,10,7,0.3,0.2,12.2,11.1,46.8
Biswanath ,Assam,901,1000,72.1,996,69.2,23,25.3,35,76.2,76.6,68.4,70.9,22,10.6,64.4,67.8,5.5,2.6,14.5,7,0,0,27.8,11.5,49.1
Charaideo ,Assam,922,1117,75,1027,71.9,26.2,22.6,27.3,96.4,75.9,64.9,68.7,24.7,10.3,72.3,76.1,7.1,4.1,9.3,5.2,0,0,25.4,17.7,48.8
Dhubri ,Assam,912,1017,71.8,1000,69.5,20.4,50.8,40.7,96.7,61.8,59.4,48.8,22.2,12.4,63.2,65.2,4.6,3.1,11.3,5.5,0,0,21.8,0.3,51.4
Hojai ,Assam,896,1027,79.1,986,83.2,23.1,30.9,52,99.9,63.1,67.4,64.6,19.3,20.1,56.3,54.3,6.3,7.5,11.6,6.9,0,0.5,18.8,2.2,56
Jorhat ,Assam,917,1019,84.4,1009,85.1,42.9,24.9,48.3,85.9,80.4,60.1,76.7,22.5,19.9,71.8,75.1,7.7,7.3,14.3,7.1,0.2,0.3,16.5,4,41.5
Karbi Anglong ,Assam,919,1042,76.4,994,78.8,30.3,26.1,33.4,79.6,75.2,54.1,77.6,10,15.7,59,57.5,6.5,3.2,10.9,6.5,0,0.2,20.5,20.5,46.1
Majuli ,Assam,921,1052,78.4,995,83.4,41.7,25.5,19.3,98.6,65.6,60.8,75.4,18,14.4,67.8,65.5,6.8,3.9,10.9,6.2,0,0.2,26.6,32.1,36.7
Nagaon ,Assam,922,1122,81.3,1050,78.4,22.1,42.6,38.6,96.1,66.1,59.4,58.4,21.5,13.2,61,65.1,8.3,6.2,8.9,2.9,0.2,0.4,18.2,2.5,59.2
Sivasagar ,Assam,919,1020,87.1,989,86.6,47.1,27.9,45.5,92.7,82.3,60.7,75.7,20.5,21.5,67.6,67.2,7.9,6.2,11.5,5.9,0.3,0.5,25.5,13.5,40
Sonitpur ,Assam,909,1067,74.9,1027,76.9,24.3,24,45.8,82.9,72.2,66.9,63.4,21.4,13.1,63.6,55.5,5.1,3.9,14.5,8,0.4,0.2,23.3,4.4,50.6
South Salmara Mancachar ,Assam,912,1085,69.4,968,63.5,20.9,44.7,28.5,98.2,59,68.2,60.6,11.9,8.5,57.1,64.5,5.3,2.8,11.3,3.1,0.3,0,25.2,0.2,48.5
West Karbi Anglong ,Assam,921,1065,73.8,959,73.9,21.7,21.3,17.7,44.7,76.7,63.1,77.3,13.1,9.4,57.9,58.8,6,2.1,11.3,4.2,0.2,0,20.2,23,52.1
Pashchim Champaran ,Bihar,934,1070,59.8,1088,52.5,21.6,39.1,31.4,99.7,43.3,20,42.9,24.6,20.6,50.6,56.3,4.3,4.5,11.3,5.1,0,0,5.9,0.9,38.2
Purba Champaran ,Bihar,934,1142,58.2,1185,50.2,20.1,49.2,44.2,99.9,48.3,19.4,41.5,23.4,16.3,57.3,64.4,5.3,4.9,9.1,4,0.6,0.4,7.6,0.5,38.1
Sheohar ,Bihar,944,886,56.2,1066,52.5,21,34.6,31.3,100,57.9,18.1,57.3,20,7.6,61.6,64.3,4.2,3.1,10.1,3.7,0,0.3,4.5,0.3,35.2
Sitamarhi ,Bihar,911,1004,59.1,1209,51.7,19.2,46.8,40.5,99.7,50.7,20.7,47.6,31.8,13.9,61.7,61.4,6.2,5.6,9.9,4.3,0,0,6.4,0.1,39.9
Madhubani ,Bihar,918,976,55.6,1227,53.2,26.5,39.2,40,100,38.2,19.2,57.4,25.1,13.7,61.4,69.2,7.4,4.9,9.5,4.2,0,0.3,5,0.1,29.1
Supaul ,Bihar,945,1153,50.9,1126,42.1,16.2,55.9,15,99.7,50.7,14.2,55.4,30.9,9.4,60.7,63.2,6.8,5.5,6.3,2.5,0,0.2,11.4,0.1,34.7
Araria ,Bihar,947,1122,53,1094,43.7,16.8,52,15.2,100,32.2,19.5,36.4,30.4,9.9,67.9,64,6.9,6.4,5,2.9,0.7,0.7,12.3,0.2,36.2
Kishanganj ,Bihar,929,1116,56,1199,48,15,36.6,15.3,100,52.4,8.1,39.8,29.1,11.6,65.1,62.6,5.6,4.4,8.5,3.6,0.2,0.2,11.6,0.6,41
Purnia ,Bihar,904,973,53.6,1128,47.5,19.2,51.2,19.3,99.6,35.6,10.2,51.5,31.4,14.4,66,64,6.9,6.8,8.2,2.7,1.2,0.9,6.2,0.9,34.4
Katihar ,Bihar,892,945,57.5,1053,49.7,19.8,49.4,16.9,99.2,44.6,8.4,49.5,26.4,13.1,68.4,66.7,6.5,6.3,6,4,0,0,6.1,0.6,37.7
Madhepura ,Bihar,931,1055,58,1148,47.6,23.2,52,13.4,99.3,34.6,9.5,49.6,32,12.9,65.7,70.4,8.7,6.4,5.3,1.9,0,0.5,7.9,0.5,34.8
Saharsa ,Bihar,907,960,50.2,1128,43.1,20.9,51,25.2,100,40.5,12.8,43.5,31,12.8,65.3,67.9,6.6,4.7,6.2,2.8,0.2,0,10.7,0.2,29.3
Darbhanga ,Bihar,913,1053,54.9,1122,49.4,22.7,45.1,41.6,99.8,48.7,25.3,57.5,25.6,13.4,60.8,59.7,6.4,5.9,9,3.7,0.2,0.2,5.6,0.3,32.2
Muzaffarpur ,Bihar,914,1095,65.1,1097,63,33.8,32.9,41.5,99.9,55.2,13.2,67.8,25.2,16.5,58.9,66.1,6.9,4.9,9.8,5,0.2,0,7.2,0.5,31.3
Gopalganj ,Bihar,912,1139,63.3,1157,63.3,32.9,28,39.4,99.9,60.1,12.7,63.8,22.7,17.9,53.8,54.1,4.7,4.9,11.7,5.1,0.2,0,5.2,0.1,30.4
Siwan ,Bihar,941,1256,70.7,1141,70.9,38.9,21.3,48,99.8,47.7,8.2,55.8,18.1,23.3,53.1,64,3.4,4.9,12.4,5.2,0,0,4.6,0.4,31.8
Saran ,Bihar,945,1229,64.8,1077,65.6,35.5,26.2,36.8,99.7,37.2,9.4,59,22.1,19.1,62.8,70.9,8.1,6.8,8.4,3.3,0.8,0.3,4.2,0.6,29.3
Vaishali ,Bihar,925,1112,64.5,1069,62.4,34,44.9,40.9,99.2,52.6,13.5,68.2,26.1,16.9,63.1,69.6,6.5,5.3,6,3.5,0.4,0.8,3.9,0.4,30.5
Samastipur ,Bihar,923,1061,60.9,1071,54.3,26.5,49.8,36.1,98.6,48.8,19,58.7,26.7,15.2,60.5,65.9,8,5.6,7.1,4.2,0.6,0.4,3.5,0.1,34.4
Begusarai ,Bihar,966,1170,65,1076,62.3,34.1,49.5,45.2,99.1,62.2,13.2,70.7,26,17.6,62.9,64.3,6.8,5.6,7.1,2.4,0.2,0,4,0.4,30.9
Khagaria ,Bihar,909,1072,60.6,1111,51.8,26.6,44.9,33.2,98.8,65,15.6,50.5,24.7,18.1,59.5,65.1,8.4,7.8,7.5,2.3,0.2,0.9,3.5,0.1,34
Bhagalpur ,Bihar,966,1154,65.1,986,65.6,35.1,42.4,49.2,98,60.9,16.3,75.6,22.9,19.4,73,73.9,7.5,7.1,7,3.2,1.2,1.3,2.4,0.2,30
Banka ,Bihar,979,1098,59.3,1083,55.7,22.6,49.4,32.3,96.3,38.2,13.6,62.8,23.8,13.4,65.9,60.4,7.2,4.7,10.6,4.8,0,0,1.8,0.5,36.7
Munger ,Bihar,972,1100,69.5,1032,69.5,44.4,34.7,59.4,97.7,62.8,15.2,80.2,23.7,20.9,71.4,73.8,9.8,8.7,9.8,3.5,1.5,1.7,2.5,0.1,25.1
Lakhisarai ,Bihar,969,1222,61.2,1074,57.9,30,56.1,42.6,96.6,51.6,15.1,64.9,25.3,16.2,72.6,75.1,7.3,4.8,6.6,3.4,0,0.1,2.4,0.8,31.2
Sheikhpura ,Bihar,958,1160,58.5,1074,55,28.3,46.1,40.3,98.4,54.2,9.7,68.1,24.1,13.3,69.5,73.9,5.7,3.4,9.2,4.2,0.5,0.3,2.1,0.2,30.2
Nalanda ,Bihar,962,1151,59.6,1048,56.1,28.8,42,41,98.9,52.5,12.8,64.4,23.8,16,71,70.2,6.8,3.8,8.2,3.3,0,0,2.8,0.3,30.8
Patna ,Bihar,897,942,69.5,950,67.6,43.6,26.6,64.6,98.8,61,10.2,74.3,22.6,21.5,67.1,62.8,7.6,7.8,8.1,2.5,0.6,0.1,2.1,0.4,25.9
Bhojpur ,Bihar,974,1213,67.9,1003,64.1,34.6,31.2,42.9,99.7,45.9,9.6,60.8,23.1,20.8,73.6,72.7,6.8,6.6,8.3,2.7,0.3,0.3,2.4,0.5,33.3
Buxar ,Bihar,975,1295,64.8,1005,68.1,33.3,30.8,44.7,99.8,52.4,11.4,56.6,21.1,16.6,66.2,66,7.1,4.9,9.2,2.8,0.3,0,1.8,0.1,31.5
Kaimur (Bhabua) ,Bihar,973,1167,62.3,1018,66,29.5,27.1,29,98,59.1,18.1,58.9,25.6,11.8,70.3,70.8,4.4,2,7.9,3.3,0,0,2.8,0.5,32.8
Rohtas ,Bihar,975,1302,70.5,1040,76.5,42.6,30.3,47.4,99.6,69,17.2,72.3,22.9,19.8,64.9,66.3,5.3,4.6,10.5,3.9,0.7,0,1,0.4,27.9
Aurangabad ,Bihar,970,1269,65,1074,67.6,36.9,27.3,38.9,100,47.1,15.4,68.4,25.8,10,60.5,56.9,6.5,3.7,10.4,4.2,0,0,3.3,1.1,28.1
Gaya ,Bihar,963,1153,59.6,1080,59.4,30.7,42.8,34.7,99.2,44.4,9.7,72.8,26.8,10.8,64.3,65.5,4.2,3.6,11.5,3.9,0.1,0,3.7,0.9,28.9
Nawada ,Bihar,963,1239,61.4,1099,62.1,37.3,43.3,40.7,99.3,47.9,8.1,65.7,28.4,15.7,70.4,73.7,4.9,3.9,8.8,3.8,0,0,2.9,0.9,24.1
Jamui ,Bihar,979,1172,53.1,1090,48.7,20.6,51.9,40.2,90.5,37.6,14.3,63.1,31,12.7,75.2,75.9,5.4,5.4,7.3,4.1,0,0,2.8,0.5,32.5
Jehanabad ,Bihar,949,1072,61.7,1085,63.2,30.5,41.6,34.3,99.8,45.5,13.2,53.2,27.2,14.3,68.1,72.3,6.9,4.7,8.9,2.6,0.2,0.2,5.5,1.1,31.2
Arwal ,Bihar,966,1185,62.6,1076,62.5,32.9,37.5,29.3,99.9,43.4,15.6,54.5,31.9,12.4,66.9,66.3,6.3,4.1,8.6,2.6,0.2,0.2,2.4,0.6,29.7
Chandigarh,Chandigarh,761,746,86.7,917,83,59.6,9.7,95.8,99.1,85,32.2,9,13,44,60.3,57.7,6,12,14.5,5.6,0,0.4,0.6,0.3,27.1
Koriya ,Chhattisgarh,906,967,69.7,987,77.1,37,22.9,30.2,87.6,73.3,62.8,65.7,25.1,17.3,64.4,48.3,7.5,5.2,14.5,8.5,0.5,0.9,17.5,4.7,32.7
Jashpur ,Chhattisgarh,908,945,67.9,1038,75.1,34.9,21.9,14.8,88.8,72.8,80.6,68.2,27.5,13.4,61.5,60.3,5,3.2,17.3,10.4,0,0.2,21.2,12.1,33
Raigarh ,Chhattisgarh,889,990,72.2,1013,76,38.3,11.5,29.8,97.5,66.3,66.3,69.1,26.9,14.9,62.2,59.5,4,3.5,15.5,8.7,0,0,19.1,3.8,33.9
Korba ,Chhattisgarh,876,1029,71.1,1034,77.6,37.1,7.2,35.5,82.2,73.3,60.6,65.2,24.4,16.2,66.4,70.5,4.2,4.5,14.7,7.5,0.8,0.5,18.6,3.7,34
Janjgir - Champa ,Chhattisgarh,920,1046,67.7,999,77,37.3,10.2,24.8,97.2,78.8,74,78.4,21.5,12.8,66.3,67.9,4.1,4.1,15.1,5.1,0,0.2,14.8,1.3,30.4
Kabeerdham ,Chhattisgarh,915,1037,61.7,983,67.8,32.6,15.3,25,97.9,80.3,72.1,63.5,20.6,11.8,43.6,45.4,5.6,2.5,16.5,6.7,0.3,0.2,13.7,2.6,29.1
Rajnandgaon ,Chhattisgarh,919,1030,73.4,1014,82.4,38.9,3.8,27.4,98.8,79.2,80.8,73.6,25.9,12.8,58.3,55.5,4.9,4.7,18.5,8.1,0,0,19,1.7,34.5
Mahasamund ,Chhattisgarh,916,1073,68.6,1057,72.6,31.2,9.5,30.4,98.8,84.2,76.2,61.4,21.3,12.6,63,63,4.1,3,11.7,4.3,0.2,0.4,23.7,3.7,37.4
Dhamtari ,Chhattisgarh,917,1152,77.3,1057,83.7,40.9,5.8,30.9,99.1,89.8,86.8,82.9,18.4,12.7,59.6,59.8,5.8,3.9,13,5.4,0.3,0,14.1,2.8,36.4
Uttar Bastar Kanker ,Chhattisgarh,915,1010,70.2,1030,78.5,40.3,5.4,25.9,98.7,80.5,84.8,80.6,25.5,6.8,65.2,69.2,3.4,3.5,17.2,9.1,0.2,0.2,16.5,5.2,29.9
Narayanpur ,Chhattisgarh,916,1146,54,1077,53.8,26.5,11.1,19.5,90.5,52.8,83.1,55.6,28.1,5.7,72,72,3.9,2.8,13.4,3.7,0,0,32.7,24.7,27.5
Bijapur ,Chhattisgarh,915,1087,47.4,1069,46.3,24.2,18.3,18.5,94.3,30.6,73.5,47.1,43.6,6,72.1,68.7,4.4,3.3,9.7,3.5,0,0,44.4,32,23.2
Balod ,Chhattisgarh,919,1006,76.4,988,84.7,46.3,3.3,33.3,99.5,83.8,79.5,84.8,18.8,12.2,56.4,59.7,4.6,2.9,16,8,0,0.2,11.4,1.5,30.1
Baloda Bazar ,Chhattisgarh,914,1116,66.7,1070,75,38.7,11.4,24.9,94.8,78.9,66.1,59.8,19.4,14.7,61.2,60.2,3.1,3.4,14.2,6.2,0.6,0.3,14.9,1.8,28
Balrampur ,Chhattisgarh,897,995,62.1,980,66.8,32.2,24.6,13.2,84.4,57.3,62.3,60.7,28.7,9.9,63.4,55.6,4.1,3.7,15.5,9.2,0,0,21.4,16.2,29.9
Bastar ,Chhattisgarh,905,1036,58,1068,54.6,25.3,17.3,31.6,94.1,61,69.3,53.1,34.9,8.7,77.2,80.3,4.6,3,13.1,7.2,0.2,1,36.4,18.5,32.7
Bemetara ,Chhattisgarh,922,1060,65.3,972,74.1,33,15.1,18.9,98.8,80.5,63.4,63.9,21,14.9,47,50.3,4.7,3,17.1,7,0,0,10.6,0.7,32.3
Bilaspur ,Chhattisgarh,881,973,71,1033,74.3,37.4,11.2,42.2,93.6,80.5,60.4,70.7,27.2,17.1,58.5,63.9,4.3,4.8,14.5,7.3,0.3,0.2,11.5,2.6,33.6
Dantewada ,Chhattisgarh,917,1121,51,1098,50.3,24.2,16.3,34.6,95.1,60.5,82.2,56.7,25.9,6.8,76,75.7,5.8,1.8,14.8,2.6,0.5,0.5,38.1,21.4,26.8
Durg ,Chhattisgarh,910,1112,79.4,957,84.6,52.7,4.3,76.3,98.5,89.5,67,87.7,12.5,23.9,51.7,61.8,6.1,3.7,14.5,5.1,0.4,0.8,7.2,0.9,26.7
Gariyaband ,Chhattisgarh,922,1044,67.4,1048,72.1,27.8,9.7,17.1,96.8,81,79.8,58.2,20,9.1,64.6,63.2,4,2.9,15.5,5.6,0,0,21,1.2,39.6
Kodagaon ,Chhattisgarh,916,1165,57.5,1033,56.1,24.7,11.8,12.4,98.8,79.5,80.6,57.8,31.3,6.1,79.7,79.7,4.5,2.9,12.2,6.5,0.2,0.3,28.6,18.3,32.8
Mungeli ,Chhattisgarh,912,963,63.6,1022,68.6,32.2,20.5,22.9,98,80.7,68,68.2,20.9,17.5,54.5,53.7,4.8,6,17.5,7.5,0.4,0.6,13.7,1.2,31.4
Raipur ,Chhattisgarh,915,1173,77.1,983,81.3,40.1,8.8,60.5,99.7,84,76.9,72,14.4,15.7,59.1,63.1,4,4,11,3.6,0.2,0,10.9,1.2,37
Sukma ,Chhattisgarh,922,1218,45.9,1078,40.5,15.9,18.9,14.4,96,35.5,78.1,48.3,34.5,3.8,78.4,77.9,4.3,1.3,10.5,2.7,0.2,0.2,44.5,32.2,30
Surajpur ,Chhattisgarh,914,1024,64.8,950,68.3,30.7,34.3,24,83.4,75.4,75.7,62.4,29.5,14.7,60.7,53.1,4.9,4.5,16.6,7.2,0.3,0.3,17.7,7.4,34.1
Surguja ,Chhattisgarh,872,950,66.3,1036,73.7,37.7,18.1,24.5,96.4,75.8,65.1,63,26.8,15.3,58.3,54.3,4.3,4.2,16.7,9.8,0,0.2,24,12.1,28.6
Diu ,Dadra and Nagar Haveli & Daman and Diu,911,978,77.8,1332,90.8,52.7,2.3,85.3,99.7,89.7,64,89,16.4,30.6,50.3,62,7.9,7.6,9.9,3.1,0,0.3,1.7,0.4,25.1
Daman ,Dadra and Nagar Haveli & Daman and Diu,851,733,83.8,755,85.9,42.9,22.8,92.1,96,67.1,32.9,86.3,22.3,36.9,60.8,63,4.5,7.1,9.4,4.6,0.3,0.3,2.3,0.6,40.9
Dadra & Nagar Haveli ,Dadra and Nagar Haveli & Daman and Diu,914,1002,70.8,817,72.8,31.5,30,74.3,94.8,63.1,58.8,96.3,27,23,64.4,64.3,7.1,5.3,6.8,3.9,0.2,0.2,3.3,1.4,39.3
North Goa ,Goa,925,975,89.5,1017,92.4,72,7.5,96.7,98.1,87.7,64.8,97.3,14.1,37.2,40,46.2,7.9,11,11,4.1,1.9,0.9,2.7,4.4,17.5
South Goa ,Goa,931,1055,88.2,1040,93.8,70.9,3.9,96.2,99,88.2,67.7,96.2,13.5,34.6,37.6,42.5,9.4,7.9,13.6,3,0.4,0.1,2.5,7,17.3
Kachchh ,Gujarat,922,1026,66.6,979,75.6,24.1,19,67.2,96.8,85.8,34.3,59.1,28.1,25.7,57.5,62.6,6.7,5.5,10.8,4.4,0,0,8.9,0.3,42.5
Banas Kantha ,Gujarat,889,1049,61.1,1007,63.7,17.6,37.3,45.6,93.6,53.9,41,52.7,36.7,11.7,60,65.8,7.6,5,7.9,2.9,0.3,0,7.5,0.1,43.5
Patan ,Gujarat,904,1011,64.8,967,71.1,22.6,35.4,62.6,99.4,73.1,50.2,56.9,29.3,18.3,59.8,60.2,10.2,7.3,8.3,3.7,0,0,6.9,0.2,42.2
Mahesana ,Gujarat,839,883,71.3,913,75.1,32.6,32.3,63.1,97,72.1,40.7,44.5,24.4,24.3,69.3,77.7,9.7,9,12.9,5.9,0,0.4,7.7,0.2,38.7
Gandhinagar ,Gujarat,862,919,77.6,924,81.8,37.9,32.6,76.9,99.7,84.6,29.7,69.3,21.2,29.5,68.8,72.8,8.7,8.8,12.6,5.8,0.3,0.3,7.2,0.1,39.7
Porbandar ,Gujarat,917,1018,74.9,1000,84.3,35.9,10,76.9,96.2,85.7,42.1,71.7,15.8,27.8,47.6,52.4,9.2,5.6,8.7,3,0.2,0.4,16.7,0.3,39
Amreli ,Gujarat,870,936,69.9,984,77.2,27.2,10.5,65.6,97.8,73.3,47.7,73.8,18.3,29.1,50,47,8.3,6.3,8,4.3,0.4,0.6,5,0.4,42.7
Anand ,Gujarat,870,914,75.2,912,75.9,32.2,28,65.1,99.7,82.1,36.2,69.1,32,20.9,66.4,64.2,9.8,6,15.9,6.1,0.2,0.2,7.3,0.3,43
Dohad ,Gujarat,899,1221,59.6,1047,56.1,23.1,29.9,26.8,91,35.9,40.3,45.1,39.1,6.5,75.1,79.7,7,4.5,12.8,4,0,0,14.6,0.9,36.5
Narmada ,Gujarat,904,1021,66,1006,67.3,22.6,29.5,31.3,96.8,54.6,51.1,52.5,30.7,11.1,75.9,83,6.3,4,12,5.6,0,0,14.6,1.2,43.4
Bharuch ,Gujarat,856,919,76.7,960,74,31.5,16.8,60.2,97.2,77.7,37.4,63.6,30.3,25.5,71.8,69.8,7.6,9.5,14.4,4,0,0.2,11.2,1.1,45.2
The Dangs ,Gujarat,897,901,69.9,1023,68.9,20.7,30.2,23.4,91.2,71.7,44.3,57.4,33.7,8.1,77.2,77.1,4.1,2.2,18.3,4,0.3,0.5,18.5,4.6,49.2
Navsari ,Gujarat,893,991,77.9,1056,84.1,47.7,15.7,70.2,97.4,80.1,42,77.2,21.8,18.7,68.7,72.6,6.2,8.8,14.9,5.4,0.5,0.2,9,1.4,30.2
Valsad ,Gujarat,882,1031,79,1009,82.9,45.6,19.4,73.1,98,85.3,40.6,84.9,23.8,21.3,75.7,85.8,7.3,5.4,15.5,5.1,0.4,0.1,5.3,1.5,33.4
Surat ,Gujarat,902,986,82.7,912,84.2,44,13.1,88.6,98.9,82,31.6,78.2,21,25.1,69,76.2,6.8,6.8,15.3,4.9,0.2,0.4,7.7,1.6,38.7
Tapi ,Gujarat,904,991,66.1,1076,72,32.5,25.3,45.5,99,70.2,42.3,63.7,35.4,12.6,77.4,72.8,7.1,7.9,16.7,7.6,0.2,0,10.8,2.3,33.6
Ahmadabad ,Gujarat,906,1010,79.8,928,81.5,42.7,17.5,89.7,98.7,86.4,36.2,66.4,19.4,30.1,63.7,67.3,10.2,8.3,8.4,3.3,0,0,6.2,0.3,37.1
Aravali ,Gujarat,901,1078,68.6,996,71.9,34.7,27,47.9,98.5,56.3,43.9,52.5,34.4,18.1,77.3,87.7,6.7,5.2,11.8,6.9,0.5,0.3,9.6,0.3,33.9
Bhavnagar ,Gujarat,871,950,72,942,74.2,26.3,18,59.8,95.1,72.9,32.2,64.5,20.8,29.4,49.4,52,8.8,6.4,9.8,4.1,0,0.2,9.7,0.3,45.7
Botad ,Gujarat,866,1032,68.9,975,71.8,22,13,63,99.2,72,38,72.1,19.6,27.3,58.8,60.3,8.8,7.1,6.2,3,0,0.8,5.3,0.4,46.9
Chhota Udaipur ,Gujarat,896,1035,52.3,1016,53.2,20.3,27.5,25.7,97.4,53,40,44,30.9,7.6,78.9,80.3,6.3,3.4,12.1,5.7,0.2,0.4,8.9,1.3,32
Devbhumi Dwarka ,Gujarat,915,1170,59,1010,66.1,15.8,11.6,61.2,93.9,73.4,33.5,65.9,22.4,24.1,48.8,50.9,6.4,4.7,9.7,4.4,0,0,24.2,0.5,43.2
Gir Somnath ,Gujarat,900,1158,65.8,981,73.1,30.8,9.9,46.8,98.2,74.3,46.6,74.1,24.8,17.3,49.9,50.9,6.2,6.3,6.5,3.3,0.2,0,18.9,0.4,35
Jamnagar ,Gujarat,920,1042,72.8,1004,83.1,35.3,6.8,81.6,99.7,86.6,38.6,75,17.3,29.5,50.2,60.1,8.1,5.9,8.2,3.2,0.3,0.3,7.7,0.2,37.5
Junagadh ,Gujarat,886,963,73.8,999,82.8,35,11.2,67.2,97,81.7,47.3,75.2,18.7,33.4,58.8,55.5,9.2,7.6,12.7,5.6,0.2,0.4,13.8,0.2,38.8
Kheda ,Gujarat,890,1029,74,934,70.9,24.2,49.2,48,97.7,63.3,32.2,65.3,32.2,17.8,76.1,77.6,8.5,6.9,14,6.3,0,0,13.5,0.5,49.8
Mahisagar ,Gujarat,899,1017,66.1,993,70.9,33.9,30.7,47.4,94.8,44.4,46,59.4,30.7,9.4,72.5,79.4,7,4.7,10,4.1,0.9,0.6,5,0.3,32.2
Morbi ,Gujarat,902,1119,70.5,981,82.4,35.4,8.9,73.6,98.3,80.1,34.4,66.2,21.2,24.6,50.7,62,9.7,7.1,9.3,4.2,0,0,7.3,0.2,35.1
Panch Mahals ,Gujarat,908,1101,70.1,969,71.7,28.4,34.1,43.6,91,58.9,34,61.8,33.1,16.1,69.8,71.7,8.2,5.1,14.9,6.4,0,0.2,7.8,0.4,41.7
Rajkot ,Gujarat,882,979,78.4,975,84.7,42.6,12.1,83.6,99.5,85.4,45.1,84.5,19.5,28,60.5,72.7,7.7,7.5,9.4,2.5,0,0.1,7.2,0.1,35.8
Sabar Kantha ,Gujarat,892,1018,68.7,987,74.5,31.1,27,58.7,90.7,61,49.3,68.4,26.6,15.5,67.3,73.8,8.1,5.2,14.7,6.6,0.2,0,6.8,0.5,37.6
Surendranagar ,Gujarat,869,931,66,957,75.1,23.3,19.5,56.9,96.9,63.8,50.4,52.8,24.1,20.7,55.6,56.9,8.5,7,9.9,3.5,0,0.3,4.7,0.1,42.7
Vadodara ,Gujarat,855,894,82,953,84.6,46.4,22.8,78.1,99.5,85.6,41.7,72.4,20.9,27.6,72.3,74.3,7.8,7.4,13.8,4.9,0,0.5,6.8,0.4,35.6
Panchkula ,Haryana,679,751,81.2,936,87.9,60.3,7.4,81.1,99.2,82.6,19.9,96.2,14.1,39.9,57.1,64.8,6.2,10.5,14.6,6.3,0.3,0.3,0.9,0.3,20.9
Ambala ,Haryana,902,1139,82.2,930,88.9,55.3,6.4,81.6,99.3,87.2,19,93.3,14.8,41.6,46.1,49.2,4,6.3,15.3,9.4,0.9,0.2,0.8,0.4,26.9
Yamunanagar ,Haryana,916,1154,79.1,923,87.1,51.2,6.9,77.7,100,83.5,20.6,91.6,14,38,56.6,60.4,5.7,7.7,15.6,7.2,0.7,0.7,1.7,0.4,27.9
Kurukshetra ,Haryana,888,1140,75.3,941,83.9,48.4,11.7,77.6,99.9,82.6,19.2,92.3,11.8,37.3,57.1,57.7,4.8,6.2,17.9,7.8,0.6,0.3,1.3,0.2,26.9
Kaithal ,Haryana,737,872,66.3,929,74,45.9,11,55.9,98.5,89.7,29.1,92.1,16.5,32.7,61.5,64.3,8.7,6.5,9.5,4.3,0.2,0.2,1.7,0,20.4
Karnal ,Haryana,918,1237,79.2,970,84.5,46.8,6.6,74.1,99.9,83.5,24.6,92.9,14.9,36.5,61.9,61.5,3.5,4.8,10.7,3.8,0.4,0.4,2.6,0.3,32.4
Panipat ,Haryana,852,1004,78.3,917,85.9,52.1,11.9,73,99.9,79.3,26.5,94,13.7,37.8,66.9,66.3,4.9,5.8,11.3,4.1,0.5,0.3,4.6,0.5,26.2
Sonipat ,Haryana,872,1017,78.9,844,89.1,56.8,15.5,69.9,97.2,86.7,22.4,97.5,13.2,39.3,53.3,52.8,6.2,6.4,12.6,4.5,0.3,0.3,2.9,0.2,22.1
Jind ,Haryana,861,1053,71.4,977,83.6,45.3,8.7,42.1,96.2,88.5,23.7,96.2,18.9,32.3,59.6,50.7,6.1,5.1,9.4,4.5,0.9,0.4,2.5,0,26.1
Fatehabad ,Haryana,753,899,67.3,908,73.2,41.5,11.7,43.7,99.8,87.3,29.4,96.7,19.8,29.8,62.3,66.5,6.6,8.8,9.7,5,0,0.2,0.8,0.5,25.8
Sirsa ,Haryana,483,588,68.3,909,73.1,44.7,8.9,38.8,99.3,81.9,26.6,95.3,20.8,29.3,61.9,64.9,6.2,8.6,10.4,5.1,0,0.6,1.1,0.3,23.6
Hisar ,Haryana,832,1016,69.3,939,79.8,43.9,8.9,44.8,99.3,89.1,27.9,96.4,18.5,30.2,63.8,63.6,7.1,5,9.5,6.6,0,0.2,1.8,0.2,25.4
Rohtak ,Haryana,826,978,79.6,942,88.5,55.9,12.4,67.3,98.5,90,24.8,98.3,15.9,35.9,65.3,63.1,6.6,5.8,10.6,5.6,0.2,1.1,2.8,0.3,23.7
Jhajjar ,Haryana,800,911,77.3,982,89.1,62.7,7.7,55.9,96.6,91.7,27,97.4,10.1,43.5,60.1,65.2,5.1,4.5,11.1,7.7,0.2,0.2,2.6,0.1,14.6
Mahendragarh ,Haryana,890,997,70,936,82.7,52.4,13.4,34.2,99.7,79.8,25.6,95.7,14.3,29.5,61.2,67.3,5,5.1,13.7,5,0.1,0.1,2.3,0.4,17.6
Rewari ,Haryana,883,1021,74.6,885,87.4,58.7,5.8,54.9,99.7,86.4,25.3,94.8,11.7,28.3,61.8,71.8,4,3.8,15.7,6.8,0,0,4.4,0.3,15.9
Gurgaon ,Haryana,800,849,80.9,871,87.1,59.6,20.7,81,99.7,84.5,34.6,96,9,24.3,67.5,77.6,7.4,5.1,10.7,4,0.3,0,2.9,0.5,21.3
Mewat ,Haryana,890,1078,51.2,914,45.1,13.9,28.7,22,97.1,71.7,11.5,58.1,19.2,14.9,60.6,66.4,2.9,2.7,10.6,2.9,0.5,0.8,4.7,0.3,37.3
Faridabad ,Haryana,857,1033,80.5,890,84.4,55.6,15.3,89.3,97.9,84.2,32.8,95.5,10,37.1,54.2,55.9,3.8,5.3,15.2,5.3,0,0.2,2.7,0.5,24.9
Palwal ,Haryana,897,1166,67,943,71.1,39.4,23.8,34.6,96.7,80.3,23.5,91.4,15.8,27.4,57.2,59.7,3.1,4.5,14,6.2,0.2,0.4,7,0.1,27.6
Bhiwani ,Haryana,855,1046,70.2,985,80,47,15,36.6,97.5,89.7,28.2,95.5,19.5,28.1,66.4,67.1,5.4,4.5,12.3,3.9,0.1,0.3,1.8,0.1,23.2
Charkhi Dadri ,Haryana,838,960,69.6,964,84.4,54.5,11.8,36.2,97.3,90.4,29.7,96.3,17,28.8,72.6,71.1,5.2,4.7,13.7,4.7,0,0,1.9,0.1,15.1
Chamba ,Himachal Pradesh,907,931,70.1,1073,84.1,50.9,3.8,35,85.5,86.5,26.8,87.3,14.6,23.2,43.7,47.4,5.4,4.4,11.9,3.5,0,0,2.5,0.6,19.2
Kangra ,Himachal Pradesh,887,930,84.1,1051,94.4,69.9,1.5,49.1,98.6,73.3,36.4,89,15.2,31,63.4,57.7,7.4,7.9,13.4,6.8,0.2,0,1.2,1.1,14.2
Lahul & Spiti ,Himachal Pradesh,875,698,65.6,1077,86.2,55.9,11.2,71.7,89.2,61.7,31.2,90.9,9.9,26.9,82.1,85.8,4.1,2.3,8.7,3.6,0.2,0.4,1.7,1.8,9.7
Kullu ,Himachal Pradesh,883,892,77.4,1008,87.4,54.4,8.7,65,94.3,81.2,26.8,85.7,11,29.8,52.8,55.5,3.9,4.3,10.3,2.9,0.6,1.4,1.4,1,23
Mandi ,Himachal Pradesh,902,878,79.2,1159,94,71.8,6.3,38.6,96.5,87,41.3,92.4,12.8,31.6,48.9,49.9,6.9,5.4,10.8,4.2,0.4,0.2,1.4,0.6,7.4
Hamirpur ,Himachal Pradesh,881,797,86.7,1182,94.8,76.1,3.5,44.7,98,85.5,32,94.3,17.2,37.1,49.5,48.2,7.5,10.6,13.7,6.8,0.4,0.2,0.7,0.3,10.6
Una ,Himachal Pradesh,860,876,86.1,1026,92.5,66.8,1.6,46.2,98.8,81.4,22.6,93.7,16.3,41.2,60.8,63,8.3,10.3,11.7,6.4,0.9,1.7,0.8,0.2,19.3
Bilaspur ,Himachal Pradesh,898,896,81.3,1096,91.2,64.2,10,35.8,92.9,80.8,35.4,94.4,17.5,29.1,53,55.5,9.3,8,11.5,4.3,0,0.2,1.8,0.3,17.1
Solan ,Himachal Pradesh,883,855,82.4,947,91,62.3,13.3,62.5,96.5,81.8,41.9,94.4,11.9,29.7,47.5,44.3,5.1,4.3,12.5,5.4,0.7,0.3,2.9,0.5,20.1
Sirmaur ,Himachal Pradesh,906,1044,75.7,923,84.9,55.6,5,46.8,95.7,84.3,26.2,92.9,16.1,23.2,50.1,54.1,4.5,4.1,10.9,4.5,0,0,4.1,0.3,20.1
Shimla ,Himachal Pradesh,904,864,81.6,956,93.4,69.7,6.1,78,97.3,87.3,37.1,93.4,9.9,28.4,46.5,51.9,4.8,4.3,10.7,4,1.1,0,1.5,0.5,11.9
Kinnaur ,Himachal Pradesh,912,707,73.8,967,89.1,56.1,27.9,70.4,96.9,80.1,35.9,95.9,9.9,26.4,51.7,52.4,3.5,3.3,11.3,3.8,0.2,0,2,0.9,17.7
Kupwara ,Jammu & Kashmir,904,1233,68.7,987,76,44.9,3.1,62,88,67.7,10.4,48.7,5.1,21.3,73.5,81,3.6,1.5,10.5,2.1,0.4,0.4,6.8,0,23.8
Badgam ,Jammu & Kashmir,911,1200,62.5,937,74.1,48.2,1.5,71.1,95.8,77,5.2,75.3,4.7,25.3,73.9,83.7,2.9,2.8,10.9,4.5,0.2,0,5.4,0,14.3
Punch ,Jammu & Kashmir,918,1182,72.1,946,79.3,46.8,5.4,44.6,76.8,66.7,11.1,76,6.8,16.2,54.1,74.5,3,4.1,11.4,1.9,0.4,0.6,2.3,0.3,25.3
Rajouri ,Jammu & Kashmir,917,1183,72.6,901,79.4,46.4,12.2,42.8,77.7,63.3,16.4,53.1,4.8,22.7,60.6,72,4.7,2.6,11.3,2.7,0.2,0,3.2,0.1,26.2
Kathua ,Jammu & Kashmir,903,1064,77.4,894,87.7,64.9,1.4,68.5,96.1,75.4,7,85.4,5.3,38.2,53.6,71.8,7.8,3.3,15.3,1.9,0.4,0.8,2.1,0.5,12.5
Baramula ,Jammu & Kashmir,908,1329,62.9,955,67.9,35.9,3.8,76.5,93.3,77.7,6.5,62,10.6,31.1,72.5,75.3,4.5,3.8,13.6,3.9,1.7,4,6.5,0.2,27
Bandipore ,Jammu & Kashmir,904,1263,62.4,970,66.6,35.9,1.8,77.9,89.8,66.8,9.1,64.4,10.4,28.2,73.7,73.2,2.9,4.2,8.8,5,0.4,0.2,9.1,0.1,26.5
Srinagar ,Jammu & Kashmir,889,1030,68.2,972,78.4,60.5,1.7,98.4,98.5,86.8,17.9,84.8,3.5,27.8,51.7,69.9,3.5,2.5,9.9,1.6,0,0,1.9,0,7.7
Ganderbal ,Jammu & Kashmir,900,1202,60.2,931,64,34.3,5.3,84.4,97.2,78.4,8.3,69.8,7.7,34.2,77.2,83.7,4.2,3.8,10.7,3.2,0,0.1,6.3,0.2,25.9
Pulwama ,Jammu & Kashmir,906,1155,67.2,953,76.6,49.4,0.5,76.6,98,91.6,9.9,85.1,2.9,37.9,73.2,82,2.9,2.4,14.2,4,0,0.2,3.3,0,17.8
Shupiyan ,Jammu & Kashmir,912,1135,71.4,958,80.8,55.2,2.1,66.1,99.2,86.5,8.4,69.8,2,27.6,63.9,77.5,3,1.1,11.5,1.4,0,0,5,0.4,16.2
Anantnag ,Jammu & Kashmir,906,1102,65.5,974,74.7,52.8,2.5,76.5,99.3,84.7,7.3,74.2,4.1,28.6,74.3,88,5,4.1,11.5,3.8,0,0,2.9,0.2,12.7
Kulgam ,Jammu & Kashmir,912,1190,64,962,70.9,42.4,3.7,40.3,96.4,80.5,4.2,75.9,2.1,25.9,77,80.7,3.4,1.7,19.4,3.1,0.3,0.4,3.3,0.1,21.6
Doda ,Jammu & Kashmir,877,1000,65.1,943,69.2,46.8,11,42.4,92.6,70.9,7.6,68.8,5,31.3,66.5,74.1,4.4,4.9,12.6,3.9,0.2,5.1,3.2,0.2,18.3
Ramban ,Jammu & Kashmir,911,1192,60.8,915,62.2,35.5,5.5,35.8,73.4,48.9,9.2,58.5,7.6,15.8,59.7,76.4,5.8,1.3,11.5,2,0.7,0.5,2.8,0.5,25.3
Kishtwar ,Jammu & Kashmir,895,1158,68.9,978,71.3,48,7.2,50.6,86.8,59.6,16.4,70.8,5.1,24.9,84.8,92.2,2.9,0.8,4.3,2.2,0.3,0.3,3.5,0.1,20.9
Udhampur ,Jammu & Kashmir,908,1148,73,946,77.3,43.7,6.1,55.1,76.4,69.8,16.8,74.7,4,29.3,56.5,68.6,6.1,2.6,12.9,3.4,0,0,4.7,0.6,29.3
Reasi ,Jammu & Kashmir,915,1100,66.9,967,68.2,41.9,9.6,35.2,76.5,62.7,11.2,59.7,4.3,22.7,62.9,74.6,4.2,1.6,11,1.2,0,0,4,0.1,25
Jammu ,Jammu & Kashmir,889,1050,84,939,91.5,70.8,5.3,87.9,99.9,81.2,23.3,95.3,4.2,38.3,66.6,72.4,3.6,4.2,10.4,3.6,0,0,0.8,0.3,13.2
Samba ,Jammu & Kashmir,901,1121,76.6,960,84.8,60.6,6.3,73,95.4,78.8,19,85.5,3.6,36.5,62.4,73.2,4.8,4,11.6,4,0.2,0.4,3,0.7,16
Garhwa ,Jharkhand,913,1060,60.5,1108,62.7,31,31.3,24.7,92.5,54.1,55.3,59.3,28.8,13.6,62.7,61,7,4.7,11.1,5.3,0.2,0.2,4.8,3,29.5
Chatra ,Jharkhand,933,1154,60.7,1136,61.8,27.7,31.7,20.4,83.3,48.1,46.5,66.9,32.2,10.4,56,55.7,4.8,5.1,8.7,5,0,0.2,6.4,5.9,33
Kodarma ,Jharkhand,918,1227,64.4,1141,66.9,31.8,42.5,35.8,83.9,54,56.8,80.1,29.9,12.4,64.9,61.2,6.3,4.4,8.5,3.7,0.2,0.2,1.4,0.5,32.6
Giridih ,Jharkhand,958,1124,61.6,1091,57.3,25,45.6,32.4,87.6,59.2,52.4,65.2,27.3,7.8,64.7,63.8,5.5,4.2,10.1,5.1,0.4,0.4,4.4,1.4,36.6
Deoghar ,Jharkhand,953,1066,59.8,1068,54.2,19.7,49.2,23.5,90.8,41.6,53.8,68,32.5,10.9,70.2,67.2,4.9,4.7,8.6,4.2,0.2,0.2,6.6,2,40.1
Godda ,Jharkhand,913,913,52.7,1012,50.4,19.6,48.5,19.7,91.4,54.9,45.9,64.8,23.6,10.7,66.3,62,6.7,5.9,12.4,5.1,0,0.5,2.7,3.3,33.1
Sahibganj ,Jharkhand,912,1007,57.3,1092,54.9,18.6,39.9,17.4,88.2,43.2,34.8,58.4,28.5,14.3,71.5,67.6,6.8,5.7,8.2,5.2,0.2,0.9,4.7,6.7,38.7
Pakur ,Jharkhand,905,966,53.1,1074,46.7,13.6,43.4,16.9,88.6,38.3,52.5,66.4,34.4,8,79.7,78,7.9,5.1,10.1,5.7,0,0,5.8,5.1,39.5
Dhanbad ,Jharkhand,945,1181,68.7,986,72,37.9,28.3,37.2,88.9,67.6,45.7,81.3,26,16.4,63.8,69.9,4.5,4.6,12,4.8,0,0.1,9.6,1.1,30.8
Bokaro ,Jharkhand,955,1127,71.5,1006,72.6,45,26.3,47,86.4,64.4,44.7,80,26.6,15.1,68.8,68.2,4,5,13.4,6.2,0,0.4,9,2,26.5
Lohardaga ,Jharkhand,980,1107,65.6,1052,67.5,35,21.9,34,78.4,67.7,58.9,91.7,24.1,7,61.7,59.4,6,3.3,11.8,4.7,0,0,12.8,7.9,30.6
Purbi Singhbhum ,Jharkhand,989,1133,74.1,1016,77.4,46.8,19.8,57.6,89.7,70.2,50.7,88.3,15.5,18.6,64.4,69.4,6.2,4.8,13.4,4.7,0,0,8.6,4.5,27.3
Palamu ,Jharkhand,969,1204,63.5,1183,65.4,36.5,35.4,25.4,94.9,46.3,55.8,73.8,26.7,10.8,61,63.3,4.9,4.1,11,5,0.2,0,6,3.1,27
Latehar ,Jharkhand,964,1148,60.5,1115,58.7,26.5,32.2,14.2,79.2,51.4,52.2,72.1,31.1,7.3,63.6,62.2,5.1,3.3,8.7,5.7,0,0.2,11,12.7,34
Hazaribagh ,Jharkhand,914,1189,66.1,1083,69.7,40.1,38.6,36.8,85.5,55.6,55,74.6,25.3,15,56.1,54.1,4.4,3.8,10.6,5.9,0,0,4.8,3.4,26
Ramgarh ,Jharkhand,938,1123,68.4,955,72.7,44.3,25.1,33.2,76.7,64.2,49.7,88.4,27.3,14.1,62.3,66.7,3.8,2.9,12.9,5.8,0.3,0.2,8.6,5.9,24.1
Dumka ,Jharkhand,942,958,59.7,1067,55.6,19.1,43.1,18.1,92.6,41.5,45.4,63.6,29.6,9.1,73.4,74.1,5.1,4.6,9.5,4,0,0.2,9.6,8.8,40.6
Jamtara ,Jharkhand,948,1073,63.7,996,57.4,21.4,50.5,20.3,93,52.8,62.9,73.1,30.6,7.1,77.7,77.4,5.6,4.2,10.1,5.1,0,0,13.6,5.3,42.3
Ranchi ,Jharkhand,979,1182,73.3,1004,78.4,49.5,20.9,57.7,86.3,77.2,43.9,85,21.2,14.9,58.9,61.7,5.1,3.5,12.9,4.6,0.2,0.4,8.3,5.7,23.8
Khunti ,Jharkhand,987,1103,63.1,992,59.9,29.3,21.7,18.7,68.6,55.2,58.2,71,20.6,3.9,70,71.5,6.1,1.9,7.2,3.2,0.3,0.2,16.2,19.8,33.8
Gumla ,Jharkhand,986,1113,65.1,1024,69.3,33.3,20.9,19.1,75.2,50.1,51.7,75.6,25.2,5.6,59.5,61.3,6.3,2.4,11,3.4,0.2,0.2,14.8,16.1,31.8
Simdega ,Jharkhand,988,1135,68.2,1064,68.8,29.7,15.9,15.9,66.7,71.3,60.6,92.6,25.8,7.9,70.6,69.5,4.7,3.1,11.6,7.8,0,0,17.6,15.7,38.5
Pashchimi Singhbhum ,Jharkhand,990,1076,58.4,1049,49.8,22.9,24.4,15.5,79.3,37.7,46.7,80.4,33.1,7.1,72.6,74.2,4.2,2.8,12,4.6,0.1,0.1,19.9,28.5,35.5
Saraikela-Kharsawan ,Jharkhand,984,1126,64.4,996,68.3,36,19.2,31.5,85.7,60.9,63.1,74.7,20.3,6.4,70.2,74.9,7.1,3.6,9.7,4.8,0,0,11.2,11.3,28.4
Belgaum ,Karnataka,907,1147,72.4,1032,74,47.8,32.8,74.8,94.4,67.7,20.7,75.3,22.2,23.8,52.9,48.5,4.8,6.6,11.6,4.3,0.6,0.8,6.6,0.5,24.6
Bagalkot ,Karnataka,881,1138,67.3,1007,69.7,37.7,38.7,56.6,99.2,51.3,22.3,65.9,17.1,28.6,48,50.7,5.4,5.4,11.1,3.8,0.2,0.2,10.7,0.6,29.6
Bijapur ,Karnataka,887,1091,66.1,995,66.6,37.1,39.2,60.6,92.5,44.8,21.2,71.9,18.1,27.4,52.9,52.6,4.9,5.7,11.2,5.1,0.2,0.4,10.8,0.8,29
Bidar ,Karnataka,914,1181,68.2,1034,73.8,45,19.2,65.2,98.9,56.5,21.4,81.6,24.9,20.8,55.9,51.7,4.7,3.4,13,4.2,0.2,0.5,8.5,0.3,23.2
Raichur ,Karnataka,891,1177,55.3,1033,54.3,31.7,21.9,64.9,94,53,17.8,68.8,23.3,19.9,60.4,64.8,4.7,3.6,11.2,4.4,0.4,0.5,13.5,0.9,23.6
Koppal ,Karnataka,872,1017,63.9,994,59.8,34.4,27.1,47.4,96,58.8,20.6,67.8,24.9,21.9,54.8,55.3,4.9,4.2,11.6,5.6,0.4,0.2,19.9,1.2,29.5
Gadag ,Karnataka,892,1136,73.3,1060,70.7,45.1,27.7,56.3,95.5,55.2,28.3,68.3,18.9,30.6,50.5,54.1,4.9,5.9,12.1,6.8,0,0.5,8.5,0.5,28.2
Dharwad ,Karnataka,864,1051,78.2,1022,81.8,51.4,17.8,79.1,87.9,79.3,24.5,81,17.3,33.8,52.1,50.5,5.6,6.2,15.1,6,0.1,0,6.8,0.5,26.8
Uttara Kannada ,Karnataka,897,1000,81.1,1011,84.3,49.2,11.6,73.4,84.8,89.6,32,93.9,18.4,22.6,44.6,44.6,4.9,6.6,14.8,7.1,0,0,10.5,0.3,31.9
Haveri ,Karnataka,875,1060,72.6,978,71.5,40,16.5,60.7,99.1,68.9,28.8,75.8,19.9,29.1,50.8,51.5,4.8,6.4,11.1,4.7,0,0.2,9.2,1,32.6
Bellary ,Karnataka,883,1103,64.2,1038,64.4,39.9,22.2,76.2,94.7,64.1,25.7,85,22.2,27.3,58.1,58.5,4.2,3.9,12.7,4.8,0.2,1,8.2,1,24.3
Chitradurga ,Karnataka,909,953,73,1023,75.6,48.3,20.7,80.6,97.8,63.1,35.3,85.5,14.5,37.4,44.6,50.2,6.3,6.9,18.4,8.4,0.4,0.4,14.2,2,24.7
Davanagere ,Karnataka,840,973,74.9,967,76,47.1,19.1,79.1,97.5,83.3,25.2,80.2,15.9,38.1,51.7,51.5,6.3,7.9,12.6,6.5,0.9,0.6,8.9,1.7,27.8
Shimoga ,Karnataka,902,1033,78.8,1010,79.8,49.1,11.1,85.7,94.6,85.4,26.5,86.3,15,30.3,41.9,44.7,6.3,7.2,15.4,7.1,0.3,0.2,11.3,1.4,29.7
Udupi ,Karnataka,894,1065,82,1148,90.3,55.4,4.4,67.8,81.5,94.5,50.9,95.5,23.8,22.9,47.3,49.9,6,9.1,16.2,8.2,0.2,1.1,7,1,26.6
Chikmagalur ,Karnataka,885,945,76.2,1041,82.9,48.3,19.5,79,95.7,92.3,30,93.1,14.2,33.2,40.8,45.6,6.6,7.5,18.2,7.7,0,0,10.9,1.5,27.9
Tumkur ,Karnataka,906,912,72.3,1085,81.9,58.9,24.8,85.3,96.2,86.1,31,94.5,15.2,30.4,49.3,47.9,5.6,8.1,16.3,6.5,0.2,0.2,9.8,0.8,13.4
Bangalore ,Karnataka,837,840,85.7,1006,87.3,70.1,14.5,97.2,99.2,90.4,28.8,98.5,10,40.1,35.5,45.1,8.4,9.7,21.2,5.6,0.4,0.6,2.9,1.1,15.6
Mandya ,Karnataka,873,844,67.7,1122,78.3,52.5,13.1,90.5,98.4,86.7,39.9,87.3,13.7,38.7,47,42.9,5.2,9.3,17,7.6,0.4,0,5.3,0.7,15.2
Hassan ,Karnataka,905,979,74.4,1102,82,51.3,16.2,86.1,96.8,87.9,36.9,92,11.1,36.1,42.2,34.2,6.6,8.4,15.7,7.6,0,0,10.9,1,23.1
Dakshina Kannada ,Karnataka,867,987,83.9,1063,92.7,62.8,4.9,82,88.6,97.1,36.3,93.9,12.6,22.2,38.8,35,6,7.5,17.5,8.6,0.4,0.4,4.4,0.6,21.1
Kodagu ,Karnataka,898,885,83.6,1168,88.5,58.9,12.8,78.3,89.2,93.9,45.6,94.2,12,34.7,39.9,35.8,6.2,9.1,16.1,10.6,0.8,0.5,8.7,2.3,24.7
Mysore ,Karnataka,857,951,72.4,1077,78.9,49.6,17.5,94.7,95.4,86.4,26.2,90.6,14.7,36.4,48,41.7,5.2,7.1,13.8,7.3,1,0.3,6.7,1.6,22.8
Chamarajanagar ,Karnataka,890,957,63.2,1037,72.4,41.7,19.3,89,99.9,75.2,34.4,94.1,17.9,30.6,46.3,52.9,6.5,6.3,16.9,9.3,0.2,0.7,2.8,0.9,21.5
Gulbarga ,Karnataka,909,1147,65,1023,68.2,42,29.8,58.5,92.5,36.5,17.4,68.9,20.8,21.8,56,61.4,5.9,3.8,10.3,3.4,0.8,1.8,11,0.8,23
Yadgir ,Karnataka,904,1242,51.9,1020,48.1,26.4,33.2,48.8,95.2,37.4,16.7,67.9,26,18.8,57.3,61.8,3.6,3.6,10.6,4.5,0.1,0.2,14.6,1.1,25.5
Kolar ,Karnataka,883,990,71.6,1030,78.3,55,26.7,89.9,98.5,89.2,33.9,93.7,17.8,27.9,43.6,46.9,4.4,7.5,13.2,9,0.4,0.2,13,0.3,16.6
Chikkaballapura ,Karnataka,883,881,65.9,1067,76.3,48,27.1,89.4,98.1,84.9,26.1,96.2,22.6,26.6,45.5,46.9,4.8,5.8,13.5,7.5,0.4,0.6,18.2,1.2,17.9
Bangalore Rural ,Karnataka,891,956,74.3,986,83.8,56.3,14.1,93.6,97.9,88.8,34.9,97.6,14.1,33.2,44.2,43.9,5.9,6.2,15.6,7.4,0.2,0.2,13.1,1.5,18
Ramanagara ,Karnataka,878,814,68.8,1064,82.7,54.5,11.8,92,98.3,89.6,35.7,99.5,13.2,36.5,45.5,47.2,6.5,9.7,16.1,7.3,0.3,0.7,3.6,0.5,14.3
Kasaragod ,Kerala,922,945,90.8,1134,95.9,68.3,4.7,73.5,93.2,98.9,44,93.9,9.4,28.4,35.4,39.6,8.1,10.2,13.5,5.3,1.7,0.6,3.5,0.1,22.5
Kannur ,Kerala,919,950,96.7,1203,99.1,74.1,5.4,70.4,93.9,99.5,47.9,96.8,8.7,32.4,39.7,30.4,10.5,11.1,17.2,7.6,2.1,0.3,1.7,0.1,22.6
Wayanad ,Kerala,919,813,88.2,1019,93.7,68,8.4,55.7,94.1,97.6,64.8,84.9,14,26.7,26.9,27.7,7.5,8.4,15.1,7.2,1.2,0.2,10.6,1.2,20.2
Kozhikode ,Kerala,888,825,97.7,1112,99.1,84.3,4.2,73.8,93.3,99.6,61.1,96.5,8.4,30.7,29.8,32.6,7.7,11.7,16,6,1.6,1.1,0.8,0,13.4
Malappuram ,Kerala,905,1004,94.9,1101,99.2,69.5,15.3,59,97.7,99.9,42.8,88.7,10.3,36.6,34.7,38.1,6.9,12.1,14.3,4.9,0.4,0,1.5,0.2,25.4
Palakkad ,Kerala,912,881,89.6,1148,94.4,63.2,14.1,67.5,94.7,99,53.8,87.5,12.9,32.9,49.6,43.3,9,12.8,17.9,7.8,1.1,0.6,5.1,0.4,26.4
Thrissur ,Kerala,852,715,97.8,1167,99.4,79.2,1,76.3,93.7,99.5,48.7,87.5,10.9,42.8,44.4,36.5,8.9,15.1,14.3,6.1,2.8,0.9,2.3,0.2,18.6
Ernakulam ,Kerala,857,747,97.2,1046,99.3,83.8,2.9,88.4,98.2,99.3,46.2,94.5,8,39.6,31.7,30.1,9.3,11.8,15.7,5,2,0.7,1.4,0.5,13.4
Idukki ,Kerala,857,710,93,1029,94.4,73.2,7.1,54.3,82.3,97.5,58.1,92.6,9,36.3,32,33.8,8.2,10.6,17.6,10.1,2.6,0.6,3.7,0.4,19.8
Kottayam ,Kerala,867,659,97.9,1071,99.7,85.8,1.6,72.5,97.1,98.6,53.2,94.1,12.3,39.8,38.7,38.1,7.6,16.9,15.4,8.6,3,1.5,1.7,0.6,12.1
Alappuzha ,Kerala,886,685,97.8,1108,99.7,78.8,3.8,79.2,98.4,99.2,60.4,93.1,14.3,41.9,31.9,22.9,9.4,12.4,15.2,6.3,2.6,0.7,1.8,0.2,19
Pathanamthitta ,Kerala,854,625,97.7,1174,99.7,84.5,0,60.1,94.1,98.9,50.1,97.9,12.3,43.8,36.4,20.9,8.5,17.9,17.7,11.7,4.1,0.8,1.5,0.2,13.2
Kollam ,Kerala,859,753,96.6,1171,98.2,80.6,1.8,80.1,95.7,97.5,56,99.4,9.5,43.5,36,24.5,8.1,13.6,16.3,6.6,2.2,0.5,1.6,0.2,16
Thiruvananthapuram ,Kerala,833,657,94.5,1145,98.5,83.1,6.2,72.2,92.9,95.4,48.7,98.1,6.6,50.6,33,20.9,6.3,16.5,12.3,6,6.8,1.2,0.8,0,11.4
Leh(Ladakh) ,Ladakh,909,1154,66.3,967,76.4,49.8,2.5,93.5,87.1,42.4,16.2,83,5.3,30.2,93.5,96.8,4.6,0.7,8.7,0.7,0,0.2,4.4,6.1,16.5
Kargil ,Ladakh,909,1201,69.6,975,77.2,50.3,2.5,58.1,90.2,42.3,13.6,74.4,3.5,26.3,92,97.1,3.2,2.8,12,2.7,0.4,0.2,1.9,1.4,19.3
Lakshadweep , Lakshadweep ,921,1234,93,1187,96.5,67.8,1.3,59.4,92.9,99.8,60.1,98.3,8,33.5,25.8,31.4,8.4,9.9,13.9,6.5,0.5,0.3,17.5,0.3,25.2
Sheopur ,Madhya Pradesh,883,997,53.1,963,54.8,15.9,39.5,22.9,91.1,48,27.1,50.5,30.5,11.2,64.9,61.8,4.8,4.4,13.9,4.1,0,0.2,13.9,0.3,37.2
Morena ,Madhya Pradesh,932,1079,67,964,70.7,25.6,27.8,32.6,97.1,62.7,36.3,67.5,22.3,20.2,67.5,66,8,3.6,9.6,4.5,0,0.4,4.9,0.2,41.4
Bhind ,Madhya Pradesh,900,956,66.9,979,73.8,28.9,25.1,31,95.5,79.9,31,75.3,24.3,20.5,69.9,69.9,7.1,5,10.6,3.5,0.2,0.6,5.6,0.4,38
Gwalior ,Madhya Pradesh,866,958,72.2,902,78.1,37.9,11.8,69.8,98.6,83.2,40.6,77.1,20.4,26.1,62.5,66.6,4.9,5.6,12.6,4.9,0,1.5,4.6,0.2,34.3
Datia ,Madhya Pradesh,906,1015,67.4,916,71.2,27.8,27.7,31.2,95.8,66.8,30.9,72.9,23,19.1,58.6,59.5,6.8,5,10.6,3.4,0.7,1.1,6.7,0.2,39.6
Shivpuri ,Madhya Pradesh,810,790,61.4,898,62.5,21.2,32.5,32.7,86.8,55.5,38.9,58.7,26.7,16.4,51.1,54.6,5.9,3.5,8.9,3.5,0,0,7.5,0.2,40.2
Tikamgarh ,Madhya Pradesh,630,620,66.8,912,70.6,25.8,32.6,32.1,80,56.6,40.5,71.3,21.3,10.4,49.1,56.4,7.5,4.4,11.3,1.8,0,1.6,5.6,0.3,41
Chhatarpur ,Madhya Pradesh,935,1001,65.1,929,63.7,24.7,39.2,30.1,86.5,55.5,17.1,63,25.2,13.9,63.5,67.1,4.5,4.1,12.4,3.3,3.4,3.2,10.8,0.5,40.4
Panna ,Madhya Pradesh,946,992,63.7,956,62.9,24,22.8,22.1,85.5,43.8,12.6,46,26.8,15.7,59,63.1,4.7,3.3,10.4,4.3,0,0,13.6,0.3,39.7
Sagar ,Madhya Pradesh,925,1014,76.4,937,74.3,32.9,21.4,32.7,86.7,68.8,27.5,59,22.8,20.2,49.8,49.7,3.1,2.9,16.1,6.6,3.3,3.5,10.6,0.3,43.5
Damoh ,Madhya Pradesh,942,988,70.3,953,68.3,24.8,28.6,28.1,81,40.6,21.6,40.9,23.7,17.4,48.1,57,4.4,3.2,13.6,6.3,0.2,0,16.1,0.1,45.5
Satna ,Madhya Pradesh,666,689,71.9,1014,73,31.5,12.9,35.2,92.7,55.4,22,59.2,21.3,20.4,57.3,65.1,5.6,4.5,10,4.1,2.8,3.3,6.3,0.1,40.4
Rewa ,Madhya Pradesh,859,927,65.2,1055,67.7,23.1,28.2,21.4,82.1,46.1,29.4,40.3,16.5,18.2,61.7,65.3,6.4,5.7,12.7,3.7,0,0.2,7.6,0.6,42.1
Umaria ,Madhya Pradesh,979,1135,68,1026,67.7,26.4,21.2,26.9,79.5,53.7,19.9,48.9,21.1,14.6,51.5,55.3,4.6,4.3,14.2,5.8,0.4,0.8,13.9,2,41.6
Neemuch ,Madhya Pradesh,962,1178,64.1,982,68.5,27.9,29.3,52.4,91.7,68.9,43.3,66.4,18.8,20.1,50.3,57.7,5.3,4,17.4,7,0.2,0,3,0.4,36.2
Mandsaur ,Madhya Pradesh,932,1015,63.1,974,67.2,24.1,34.8,45.6,77.6,65.4,48.4,62.5,29.4,19.2,56.7,56.4,5.5,4.2,18.2,9.4,0.2,0.6,2.3,0.3,39
Ratlam ,Madhya Pradesh,915,1087,66.2,991,63.4,23.8,31.3,53.1,91,69.4,37.9,59.6,23.4,17,59.5,60.5,3.6,4.2,13.4,6.3,0.2,0.2,3.9,0.2,42.4
Ujjain ,Madhya Pradesh,902,1108,68.9,957,66.3,29,33.4,60.7,94.7,72.8,35.7,74.4,21.1,15.2,54.5,62.9,4.3,2.8,14.5,6.1,0.2,0.4,4.7,0.8,39.9
Dewas ,Madhya Pradesh,953,1107,68.6,946,67.3,27.7,28.1,51,93.6,69.6,35.1,68.8,22.5,19.2,51.3,59,4,2.9,14.3,7.6,0,0.8,7.3,0.5,40.9
Dhar ,Madhya Pradesh,592,679,59.5,991,58.6,23.8,26.5,44.8,89.2,61.9,30.3,57.9,17.1,10.1,50.2,63.9,5.4,3.1,13.9,4.3,0.7,1,7.4,3.9,35.7
Indore ,Madhya Pradesh,868,1071,78,987,81.7,47.7,21.7,86.9,98.9,90,40.3,83.7,15.6,19,48.1,55.9,4.9,4,13.2,4.1,1.5,1.5,4.6,0.2,30.3
Khargone (West Nimar) ,Madhya Pradesh,974,1173,62.1,936,61.7,27.2,13.3,61.6,97,73.8,43.7,69.1,16.7,15,50.1,56.1,4.6,3.8,13.6,5.9,0.3,0.3,8.5,1.1,34.9
Barwani ,Madhya Pradesh,981,1236,54.1,997,52.5,19.3,29.6,40.5,90.4,61,29.2,51,27.1,8.2,58.4,67,6,1.8,15.2,4.8,0.5,0.7,9.9,1.4,34.8
Rajgarh ,Madhya Pradesh,898,1020,58.9,969,56.5,21.3,46,24.8,74.2,47.8,27.1,50.9,28,14.1,52.3,51.9,3.6,3.1,14.7,6.7,0.4,0.4,7.5,0.5,37.6
Vidisha ,Madhya Pradesh,910,1019,69.2,924,68.9,21.7,22.8,31.8,95.7,65.2,48.2,58.5,23.1,19.8,38.5,27.1,6.9,4.9,9.6,4.5,0,0.2,8.8,0.1,47.5
Bhopal ,Madhya Pradesh,376,337,78.3,927,81.3,47.4,11.3,83.6,96.7,79.6,50.7,78.2,18.2,31.5,53.5,58.12,7.8,5.9,11.5,6.8,0,0,8.5,0.2,30.9
Sehore ,Madhya Pradesh,933,1088,68.5,894,69.7,28.2,21.7,33.7,92.2,75.2,33.2,49.8,27.1,20.6,45.3,50.5,3.3,3.1,14.1,8,0.8,1.5,9.7,0.3,40.3
Raisen ,Madhya Pradesh,463,474,73.3,900,78.6,34.6,12.6,38.9,92.4,69.6,41,59.3,20.5,23.5,56.9,69.4,6.2,1.3,12,4.1,0,0.9,9.7,0.2,38.7
Betul ,Madhya Pradesh,911,1021,71.2,993,76.1,38.7,11.2,36,87.1,59.8,51.3,62.5,24.7,17.7,56.2,56.6,7.2,5.2,11.5,3.9,0.2,0.2,11.9,3.1,32.5
Harda ,Madhya Pradesh,980,1207,74.1,962,73.9,30.8,10,57.6,92.3,68.8,33.3,70.4,15.9,16.8,62.6,69.4,3.8,3.3,13.8,5.2,0,0.3,8.6,0.7,43.3
Hoshangabad ,Madhya Pradesh,942,1042,74,951,73.6,35.5,16.7,47.3,93.5,68.5,28.6,55.6,21.9,20.6,51.9,52.1,2.4,3.3,14,7,0.4,0.4,21.4,1.2,38.5
Katni ,Madhya Pradesh,739,777,71.4,979,72,32.5,17.2,29.5,94,53.5,18.1,55.5,18.1,16.4,58.7,61,5.1,4.1,13.1,4.1,0.4,0,11.7,0.4,38.9
Jabalpur ,Madhya Pradesh,213,216,70,965,72.4,30.4,19.1,28.5,98,61.9,61.2,56.2,27.8,14.6,48.9,58.12,6.3,4.7,15.8,3.5,0,0,18.2,0.3,39.6
Narsimhapur ,Madhya Pradesh,958,1110,73.8,950,73.6,31.4,19.6,36.7,99.8,77,49.4,58.4,25.1,20.1,46.9,48.5,4.9,4.1,12.6,6.9,0,0,27.2,0.3,42.4
Dindori ,Madhya Pradesh,951,1047,64.8,1037,66.8,25.8,21.1,12.1,66.1,47.9,47.2,37.5,29.3,7.9,65.2,64.2,4.5,4,16.2,7.9,0.2,0.2,22.8,6.8,39
Mandla ,Madhya Pradesh,971,1049,68.3,1052,69.1,30.5,15,22.3,79.7,58.4,42.6,53.4,26.8,10.7,60.6,64.2,6.2,5.4,18.2,4.4,0,0.2,29.5,3.6,37.8
Chhindwara ,Madhya Pradesh,926,1009,73.1,1032,75,40.2,11.6,43.6,89.1,77.1,48.5,69.6,28.5,18.6,41.7,45.3,5.8,4.6,10.9,6.2,0,0.2,21.1,2.3,32.9
Seoni ,Madhya Pradesh,909,989,71.3,1089,73.7,33,11.2,29,79.1,56.2,44.6,60.6,26.6,15.7,59.9,58.9,5.8,4.7,11.7,6.1,0,0,30.6,1.8,38.3
Balaghat ,Madhya Pradesh,830,860,72.8,1037,79.8,39.2,4.4,31.1,83.3,79.6,68.4,77.3,30.2,4.3,60.6,56.7,7.1,2.3,15.4,4.6,0,0.1,20.2,2.8,33.6
Guna ,Madhya Pradesh,955,1165,61.4,907,56.8,17.7,28.1,34.5,81.4,55.6,43.1,48.3,18.4,12,49.8,49.2,5,2.8,11.8,3.8,0.2,0.2,6,0.4,43.7
Ashoknagar ,Madhya Pradesh,827,862,62.4,935,61.3,17.6,29.7,20.3,90.1,53.7,34.2,50.6,26.1,15.4,46.1,45,6.2,4.2,11.2,3.9,0,0.2,8.4,0.5,44.8
Shahdol ,Madhya Pradesh,868,860,67.2,979,72.1,30.7,27.5,26.5,79.2,61.4,58.4,51,28.3,14.5,56.4,53.3,5.5,5.6,11.9,6.4,0,0,8.6,2.3,36.5
Anuppur ,Madhya Pradesh,948,1020,65,1008,75,28.6,18.6,21.7,79.8,69.4,52.8,56.2,26.5,15.5,52.6,43.6,6,4.2,14,8.5,0,0,16.7,3.7,36.4
Sidhi ,Madhya Pradesh,978,1148,66.7,1053,71.7,27.1,23,20.9,83.7,44.7,26.1,37.9,22.9,14.6,55.7,59.6,4.4,3.7,12.7,3.5,0,0,7.4,0.7,39.6
Singrauli ,Madhya Pradesh,706,643,60.9,915,65.4,29.9,24.7,31.7,77.9,52.6,58.5,54.7,25.6,11.9,54.1,60.1,5.9,4.2,13.6,5.1,0.3,0,5.8,1.2,31
Jhabua ,Madhya Pradesh,960,1037,45.9,1061,38.6,16,36.5,17.5,85.2,57.6,43.7,50.4,29.2,11.6,58.8,63.7,5.7,3.3,16.9,5.5,0.7,1.1,4.2,1.1,29.9
Alirajpur ,Madhya Pradesh,974,1080,45.4,1008,42.1,17.3,30.7,17.4,89.6,84.7,42.5,48.5,19.6,10.9,60.5,76.5,4.2,2.5,16.7,4.4,0,0,10.6,7,28.1
Khandwa (East Nimar) ,Madhya Pradesh,531,562,67.1,999,67.7,27.9,10.8,48.3,88.7,76.7,38.1,68.4,21.7,13.7,64.8,68.9,5,3,13.9,4.8,0.4,0.3,6.9,0.4,39.2
Burhanpur ,Madhya Pradesh,955,1139,69.8,941,67.6,26.3,17.8,68.2,96,74,42.2,66.1,20.9,12.2,57.3,66.5,3.5,2.7,8.7,3.1,0.2,0.2,9.5,1,43.5
Agar Malwa ,Madhya Pradesh,712,588,56.3,919,59.4,19.3,35.6,39.5,81.4,72.3,58.9,67.6,26.7,8.8,59.2,56.4,12.2,6.9,16.7,3.6,0.3,0.3,2.6,0.5,37
Shajapur ,Madhya Pradesh,970,1226,62.6,957,62,19.6,24.4,37.7,91.8,74.5,34.3,59.8,23.1,16,45.8,51.4,3.4,2.6,14.7,6.8,0.7,0.9,5.3,0.3,43
Nandurbar ,Maharastra,897,1040,63.5,961,57.7,29.9,24,40.3,94.6,54.1,15.3,47.5,36.1,12.9,64.2,69.2,5.5,4.3,13.8,6.4,1.2,0.4,26.7,2.8,33.6
Dhule ,Maharastra,838,883,73.5,999,68.8,40.8,40.5,65.1,89.9,58.9,19.8,60.7,26.5,23.9,61.2,59.8,5.5,6.3,10.4,5.8,0.3,0.2,15.6,0.5,32.7
Jalgaon ,Maharastra,842,881,77.5,983,76.5,40.8,28,79.5,94.3,59.7,11.9,70.1,22.2,26.2,65.2,69.4,5.7,5.9,10.9,5.4,0.3,0.2,12.6,0.5,36.7
Buldana ,Maharastra,931,1055,78.1,957,79.9,41.8,24.1,69.2,89.7,68.9,37.9,74.8,21.6,15.7,57.8,66.8,6.4,2.9,12.6,4.7,0,0.4,12,0.2,36.3
Akola ,Maharastra,926,1098,86.3,951,87.5,52.7,13.5,75.5,95.1,69.5,40.1,79.7,16.1,19.6,52.6,60.3,5.1,3.5,11.7,4.2,0.4,0.5,10.4,0.2,33.6
Washim ,Maharastra,903,986,76,948,78,42,27.7,61.4,73.7,61.5,24.1,72.5,20.1,14.2,56.4,53.9,4,3,14.4,4.7,0.6,0.9,14.3,0.4,34
Amravati ,Maharastra,913,1060,86.2,994,87.8,55,9.8,71.7,95.8,75.7,31.9,83,20.5,20.3,53.4,64.8,5.1,4.5,10.9,4.8,0,0,9,0.9,31.2
Wardha ,Maharastra,909,925,85.1,979,93,56.5,9,83.9,98.5,80.2,27.1,94,17.1,19.6,60,63.5,4.5,3.7,9.8,2.7,0,0.2,9.5,0.6,28.6
Nagpur ,Maharastra,917,1063,86.5,971,94.6,67.6,7.1,96,99.5,88.9,25.6,88.5,17.1,13.4,53.6,57.9,6,3.9,13.2,3.6,0.3,0.7,5,0.4,18.9
Bhandara ,Maharastra,918,920,80.3,1004,89.1,53.9,1.5,71.4,92,81.8,30,93.1,25.8,9.8,65.3,66.1,5.6,4,12.2,4.7,0.2,0.5,19.7,1.3,26.4
Gondiya ,Maharastra,915,938,80.4,994,87.5,54.1,6.5,68,91.6,74.3,30.6,88.6,23.4,9.4,60.4,65.2,3.7,3.3,11.6,5.5,0.6,0.7,17.2,0.4,26.3
Gadchiroli ,Maharastra,921,915,67.1,1048,79.4,42.3,10.1,60.5,83,62.4,33.3,80.9,24.3,5.6,66.2,67.3,4.3,2.3,10.4,3.1,0.9,0.9,26.5,3.1,24.8
Chandrapur ,Maharastra,922,965,78.9,974,87.8,57.5,9,85.1,96.5,77.3,28.9,84.1,26.5,9.4,55.5,61.7,5.2,2.4,12.4,4.8,0.2,0.6,11.3,0.5,21.4
Yavatmal ,Maharastra,913,1001,77.6,986,80.8,38.9,11.7,71.8,89.5,66.4,29,89.3,23.2,10.5,58.4,64.1,5.8,4.3,10.5,3.5,0.4,0,12.3,0.7,38.7
Nanded ,Maharastra,908,1026,68.1,970,71.9,31.6,32.2,64.5,94.8,68,15.7,76.8,22.9,19.2,57.3,63.1,4.9,3.6,8.9,4.6,0.2,0,5.7,0.2,36.5
Hingoli ,Maharastra,907,1121,69.4,962,76.5,33.2,37.1,53.1,92.4,69,14.7,77.2,24.9,16.6,51.3,60.5,5.3,4.5,10.7,3.5,0,0,7.8,0.2,36.2
Parbhani ,Maharastra,860,888,67.1,966,73.4,28.8,48,54.8,89,60.1,10.5,75.3,20.4,23.7,58.8,60.2,6,4.8,11.2,4.7,0.9,0.2,7,0.1,38.3
Jalna ,Maharastra,863,937,67.6,948,71.8,34.3,35,56.4,82.8,63.6,9.7,71.8,23.3,20.6,58.2,54.6,5.5,4.4,12.5,4.2,1.4,1.9,7,0.2,33.3
Aurangabad ,Maharastra,875,1011,78.4,978,83.1,48.4,35.8,78.4,91.7,69.1,12.4,77.3,20.3,24.4,52.4,47.4,6.5,5.5,11.5,5.2,0.2,0.4,7.9,0.2,30
Nashik ,Maharastra,860,1023,78.2,913,80,42.6,29.6,72.5,86.3,68.3,14.7,79.3,25.6,21.7,56.2,56.2,4.4,4.8,13.3,5.4,0.2,0,15.4,0.2,35.6
Mumbai Suburban ,Maharastra,635,552,88.5,921,91.6,65.7,10,98.7,99.8,62.6,20.2,96.2,12.2,40.4,50,58.12,8.1,9.9,15.7,4.4,2.1,2.1,5.9,0.3,22.8
Mumbai ,Maharastra,826,779,92.5,939,94.3,71.1,4.5,98.3,100,58.6,30.7,99.1,12,25,45.9,54.7,9.2,6.3,14.1,2.1,0,0.2,5.3,1.1,21.4
Raigarh ,Maharastra,905,918,73.7,1003,79.2,45,16,83.3,87.8,74.8,26.3,89.6,21.8,23.1,54.2,61.1,5.1,5.4,14.8,6.1,0.6,0.4,16.2,0.4,28.7
Pune ,Maharastra,786,832,84.8,918,89,61.2,24,89.5,96.9,79.6,14.4,94.6,19.6,31,51.9,58.6,4.2,5.4,14.3,3.7,2.3,0.9,11.7,0.2,23.6
Ahmadnagar ,Maharastra,883,993,77.4,967,86.2,45.7,26.9,77.4,90,79.5,12,84.2,21.5,23,50.3,45,5,4.4,13.4,5.1,0.2,0.2,14.7,0.2,31.7
Bid ,Maharastra,877,864,64.6,934,76.3,38.6,43.7,54.4,85.4,66.4,9.3,70.7,20.8,21.9,50.8,48,5.2,3.8,15,8,0.8,0.7,6,0.5,26
Latur ,Maharastra,906,1006,70.6,979,83.3,40.7,31,78.5,94.6,72.5,33.6,81,24.2,17.6,50.7,56.5,5.5,3.6,11.1,4.9,0.5,0.4,3.7,0.2,29.9
Osmanabad ,Maharastra,919,916,71.3,992,83.7,41.5,36.6,69.7,96.4,71.2,14.8,86.5,19.1,25.1,49.1,50.9,4.9,3.8,14.1,6.3,0,0,8,0.3,29.8
Solapur ,Maharastra,912,1003,72,962,76.4,36,40.3,73.1,90.4,67.8,20.5,84.5,21.2,28.2,54.5,60.2,4.8,5.1,16.2,6.5,0.3,0.5,10.2,0.3,36
Satara ,Maharastra,896,978,78.5,1049,87.2,48.3,18.1,82.1,95.6,78.7,11.4,87.2,22.9,26.6,49.6,48.7,5.1,5.1,16.4,6.2,0.5,0,29.5,0.5,30.2
Ratnagiri ,Maharastra,869,807,80.3,1069,87.2,41.2,4.4,58.1,90.9,85.6,16.6,84.6,25.8,17.7,43.4,33.7,8.1,7.7,18.2,8.1,0.4,0.2,18.4,0.5,39.1
Sindhudurg ,Maharastra,861,722,83.1,1035,92.1,49.4,5,66,73.2,87.9,13.2,89.4,21.5,20.8,41.2,36,9.6,9.7,21.4,6.9,0.6,0.4,11.5,0.1,33.7
Kolhapur ,Maharastra,887,986,80.2,1025,90.7,53.8,21,84.7,97.3,82,16.5,91.9,19.2,23.7,50.1,42.8,5.8,7.2,17,6.6,8.5,8.3,9.6,0,26.4
Sangli ,Maharastra,898,966,80.4,1027,90.3,54.6,27,87.3,96.8,84.7,12.3,87.4,15,27.8,47.5,42.5,8.3,5.6,18.2,6.7,4.1,4.1,11.4,0.2,25.8
Palghar ,Maharastra,890,941,77.5,963,77.6,48.3,14.6,75,91.1,75.1,18.8,83.8,27.9,17,56.9,52.1,4.9,6.1,16,3.6,0.4,0,8.3,1.4,29.2
Thane ,Maharastra,755,756,86.1,982,90.5,55.9,18.4,90.4,96.7,74.7,22.7,91.5,18.9,30.7,58.8,58.5,6.5,7.8,13.9,6.1,3,4.8,6.9,0.4,30.2
Senapati ,Manipur,859,837,79.6,1053,81.9,39.6,15.5,50,64.4,84.4,15.4,84.4,5.3,24.9,27.4,23.8,4.6,4.8,10.8,7.1,0.7,0,46.1,1.2,40
Tamenglong ,Manipur,882,839,78.4,1032,76.8,33.1,19.9,30.5,51.6,77.9,16.8,71,4.6,24.4,27.3,29.1,6.3,4.6,15.7,4.9,0.7,0.3,17.2,2.2,45.3
Churachandpur ,Manipur,847,872,84,1144,84.2,36.6,10.5,62.3,62.5,81.2,18.2,87.4,7.1,28,32,28.7,7,5.6,9.7,4.6,0.5,0.4,62.1,1.2,47.4
Bishnupur ,Manipur,907,1043,81.5,1094,88.4,48.7,20.9,71.3,77.7,52.6,9.3,80.1,7.7,40.9,35.8,33.3,5.9,6.1,13.9,5.3,1.1,0.2,48.8,0.8,32.8
Thoubal ,Manipur,893,1069,79.9,1095,85.4,40.7,17.5,74.7,72.5,61.3,19.1,81.6,7.3,31.3,24.2,19.2,4.2,5.4,13.8,6.5,0.7,0.2,47.9,1,39.2
Imphal West ,Manipur,885,893,89,1041,92.5,61.9,15.3,88.6,89.1,58.7,15.7,94.6,6.3,36.9,26.8,25,7.7,7.2,16.4,6.1,2,1.9,38,0.5,27.1
Imphal East ,Manipur,896,1021,87.2,1059,90,49.9,15.2,79,90.2,59.5,7,76.4,8.7,40.1,35.9,36,7.3,7.4,11.9,4.9,3.3,1.9,39.6,0.8,37.3
Ukhrul ,Manipur,865,711,83.7,969,86.9,49.7,11.1,22.9,50.9,81.4,17,80.6,9.7,14.5,21.9,20.6,3.5,3.8,13.3,7.6,0,0.3,32.9,0.9,34
Chandel ,Manipur,847,757,76.9,1077,80.2,43.3,22.3,52,68.6,85.2,16.1,79.7,3.7,33.7,27.3,37.8,5.7,6.7,12.7,7.4,0,0.1,47.9,1.2,33.6
South Garo Hills ,Meghalaya,921,1088,89.2,984,88.6,38.4,10.2,22.3,60.4,88.4,79.5,66.6,6.6,6.9,56.2,65,10,2.1,10.1,1.1,0,0,9.7,1.4,50.8
Ribhoi ,Meghalaya,927,1238,85.3,998,89.5,23.1,20.3,21,86.2,85.3,66.8,67.8,15.5,12.2,62.4,57.1,4.6,2.8,7.4,2,0.4,0.4,34.1,0.7,62.2
East Khasi Hills ,Meghalaya,918,1066,88.7,1049,93.7,43.5,14.6,47.4,90,80.9,47.1,70.7,11.6,15.6,48.2,40,2.7,3.5,11.2,5.6,1.3,0.8,29.8,1.2,45.2
East Garo Hills ,Meghalaya,919,1280,90.9,1026,86.7,40.5,13.7,29.1,67,83.9,71.9,75.7,8.5,7,50.9,55.7,6.3,2,8.5,2.9,0.2,1.1,6.3,0.9,50.4
East Jantia Hills ,Meghalaya,924,1311,76,1066,76,23,25.3,26.5,74.6,83.6,74.1,47.9,13.5,15.2,43.9,40.6,3.2,2.1,9.1,5.9,0,0.6,49.2,3.6,53
North Garo Hills ,Meghalaya,923,1283,91.3,1009,86.1,38.4,13.2,24.4,51.5,84.9,60.8,74.9,7.7,11.1,58.4,65.2,7.8,2.7,10.5,4.6,0,0.2,3.8,2.2,52.9
South West Garo Hills ,Meghalaya,921,1161,81.7,995,82.6,33,15.3,33.9,58.6,71.4,75.1,66.8,8.5,9,62.5,67.3,8.9,3.5,8,2.1,0,0,11.1,1.2,48.7
South West Khasi Hills ,Meghalaya,924,1203,84.6,1025,85.9,23.4,21.6,11.6,85.3,89.6,72.3,57.3,17.2,8.9,58.9,53.8,3.2,2.2,10.9,4.4,0,0.2,50,1.1,61.2
West Garo Hills ,Meghalaya,923,1090,88.7,1025,89,45.1,10.4,47.6,83.7,86.3,77.9,79.6,7.7,7.2,55.3,62,7.6,3.3,11.5,2.7,0.2,0,17.6,2.1,43.6
West Jaintia Hills ,Meghalaya,924,1172,73.8,1143,80,24.7,19.9,20.7,70.6,75.1,65.6,32.6,9.6,15.4,55.9,54.2,3.8,3.5,9,3.3,0.1,0.4,44.8,1.3,49.1
West Khasi Hills ,Meghalaya,924,1197,85.1,1038,87.4,16.4,30.3,8.6,80.5,87.8,60.1,48.9,14.6,8.7,51.8,40.4,2.3,2.6,9.1,4.8,0,0.2,50.2,1.6,68.7
Chandel ,Mizoram,847,757,76.9,1077,80.2,43.3,22.3,52,68.6,85.2,16.1,79.7,3.7,33.7,27.3,37.8,5.7,6.7,12.7,7.4,0,0.1,47.9,1.2,33.6
Mamit ,Mizoram,917,898,90.7,991,89.6,40,16.8,73.3,97.3,92.7,61.7,89,4.1,21.8,34.9,42.4,5.7,5,10.1,2.4,2.4,0.8,70.2,0.4,50.7
Kolasib ,Mizoram,918,926,93.9,1002,96.9,41.7,13.7,87.5,95.3,96.8,61.1,94.3,5.9,26,37.7,30.1,9,5.8,10.3,4,1.9,0.7,70.6,0.9,52.2
Aizawl ,Mizoram,876,894,97.8,1052,98.9,60.7,3.2,95.4,98.3,96.1,37.5,92.7,3.8,29.7,31.7,31.5,6.8,6.8,14.1,2.7,4.7,1.6,54.7,1,37.1
Champhai ,Mizoram,902,806,93.3,944,97.7,47.8,11,79.4,98.6,98.3,64.9,95,5.8,22.9,25.7,31.6,6.9,5.8,9.1,4.5,0.6,0.2,66.7,1.6,45.5
Serchhip ,Mizoram,915,917,96.8,981,99.7,43.1,7.2,81.8,97.7,98.2,58.8,93.2,5.9,24,32.1,30,7,5.8,7.7,2.5,1.5,0.8,62.7,0.4,53.7
Lunglei ,Mizoram,915,973,89.8,1004,91.6,46.3,4.8,79.9,96,95.6,46.5,91.4,6.2,20.6,34.9,34.2,7.4,4.9,7.7,3.6,0.4,0.2,62.8,0.9,43.5
Lawngtlai ,Mizoram,923,975,79.9,1051,76,32.2,16,56.3,82.2,90.3,31.3,71,7.1,14.1,48.5,45.5,6.6,4.3,8.2,3.2,1.5,0.5,65.4,0.9,47.7
Mon ,Nagaland,899,832,79.4,1006,78.2,24.3,3,13,86.7,86.4,39.3,66.5,8.7,9.4,30.2,46,5.2,3.7,13.1,7.1,0.3,0,6.9,0.2,55.1
Mokokchung ,Nagaland,921,892,88,1041,94,55.8,6,46.2,97.4,96.7,22.3,90.2,11.3,15.2,25,21.1,4.6,3.8,14.7,7.9,0.4,0,22.2,0.4,32.2
Zunheboto ,Nagaland,924,778,87.4,1132,87.1,40.2,4,18.6,91,88.9,18.1,86.8,5.6,8.9,31.1,38,5.7,5.3,22.5,10.5,0.4,0.7,8,0.2,47.2
Wokha ,Nagaland,921,789,85.8,1105,91.6,45.3,3.2,41.2,83.4,88.5,20.6,90.6,8.8,18.3,30.9,47.9,6.2,5.8,16,7.6,0,0,12.9,1.1,40.5
Dimapur ,Nagaland,912,1053,89.8,1010,86.6,52.5,4.4,84.2,92.4,81.1,5.7,84.9,9.6,21.1,34.7,36.7,6.8,4.7,11,5.2,0,0.7,16.4,1.7,37.3
Phek ,Nagaland,919,931,80.5,1021,85.8,39.4,6.5,24.2,98.1,90.1,24.9,71.1,14.8,14.1,30,41.6,5.1,3.9,14.8,10.3,0,0,9.9,0.9,41.1
Tuensang ,Nagaland,924,987,80.5,946,77.8,27,10.4,19.7,90.4,92,22,72.8,15.9,10.8,28.8,28.5,4.3,1.9,12.3,7.8,0.7,0.5,14.9,0.6,53.5
Longleng ,Nagaland,924,873,81.2,969,82,23.8,11,11.8,76.3,86.6,38.3,68.8,14.4,7,34.6,43.1,6,3.8,14.1,7.2,0.6,0.7,7.9,0.5,57.4
Kiphire ,Nagaland,922,799,77.4,954,73.7,22,22.5,16.4,90.9,83.1,8.8,69.1,13.9,9.3,31.4,36,5.7,2,10.2,4.1,1.1,0.9,10.1,1,55.4
Kohima ,Nagaland,923,817,90.4,954,95.2,70.9,1,61.7,89.9,87.4,26.7,92.6,11.7,11.6,14.9,18.2,3.6,2.8,15.2,9.8,0.4,0.4,14.4,1.2,19.5
Peren ,Nagaland,923,943,81.1,1079,77.6,35.5,9.1,31.4,92.5,89.4,5.4,68.1,6.6,16.4,29.7,29.5,4.1,3.7,13.2,5.1,0.2,0.2,13.4,1.4,45.6
Central ,NCT of Delhi,804,897,84.4,901,84.7,57.1,11.2,98.8,99.7,77,22.6,97.5,10.4,44.8,44.6,54.6,4.5,5.7,15.7,7,1.1,2.5,3.4,0.3,27.3
East ,NCT of Delhi,887,1055,84.4,885,84.3,57.2,12.8,99.1,98.4,78,30.7,96.7,11.9,41.3,42.5,44.6,4.6,5.1,16.6,6.2,0.2,0,1.5,0.4,27.2
New Delhi ,NCT of Delhi,852,924,85.9,859,83.9,57.9,10.2,98.3,99.1,69.4,25.2,97.2,12.8,41.8,56,52,4,6,14.8,7,0.7,1.2,2.4,0,28
North ,NCT of Delhi,800,929,80.8,905,81.9,53.9,17,98.1,99.3,70.2,18.1,94.8,9.2,41.8,47.2,47.7,4,4.8,11.6,6,0.9,1,2.8,0.4,26.9
North East ,NCT of Delhi,869,1057,82.7,906,85.1,59.8,5,99.7,98.2,89.5,19.4,98.6,9.6,43.3,45.9,50.1,3.6,7.5,16.6,7.5,0,0,3.1,0.2,22.9
North West ,NCT of Delhi,868,996,84.2,904,86.4,62.9,10.1,99.1,99.7,88.2,28.2,95.6,9,43.2,51.4,46.6,5,7.9,14.3,5.1,0.2,0,1.3,0.4,21.3
Shahdara ,NCT of Delhi,888,1151,83.1,935,85.5,58.4,7.3,99.8,99.8,83.4,21.5,96.6,11,42.8,49.2,53.5,3.6,6.4,15.3,6.9,0.4,0.4,1.8,0.7,24.7
South ,NCT of Delhi,875,990,83.5,922,86.6,61.6,6.6,97.7,100,89.5,28.7,97.2,10.1,40,46.2,42,4.8,6.5,15.2,4.5,0.2,0.4,3.8,0.7,21.9
South East ,NCT of Delhi,897,1096,83.9,949,86.8,65.5,7.5,99.1,100,83.8,24.5,98.7,7.7,33,47.9,55,3.7,5,15.8,5.3,0.2,0.5,1.6,0.8,18.4
South West ,NCT of Delhi,891,1064,86.6,881,88.3,68.4,7.5,99.3,99.7,86.2,37.7,98.6,9,42.9,56.4,65.9,3.8,7.4,13.3,3,0,1.6,1.8,0.6,18.2
West ,NCT of Delhi,855,1000,83.3,953,83.2,56.3,10.5,99,99.8,76.8,21,96.1,10.5,40.6,57.2,54.7,4.5,6.2,13.3,6.7,0,1.9,2,0.5,27
Bargarh ,Odisha,896,891,72.1,957,75.7,37.4,8.6,31.9,98,61.9,45.5,84.6,19,19.9,62.6,66.8,7.5,7.8,14.2,5.1,0.4,0.9,21.2,2.2,34.7
Jharsuguda ,Odisha,854,904,77.8,956,81,40.9,8.5,41.8,88.4,70,37.7,89.1,21.2,27,67.8,68.8,6.9,8.6,11.5,4.6,0,0.2,20.6,2.3,36.9
Sambalpur ,Odisha,890,876,74.6,1067,76.6,36.5,7.4,42.6,93,62.4,49.3,86.1,19.7,21.4,66.7,67.1,6.7,4.4,14.3,5,0.3,0,22.4,7.6,38.1
Debagarh ,Odisha,857,859,71.8,1053,69.5,31.3,19.2,18.4,86.2,69.9,57.5,79.4,23.3,13.4,72.2,73.5,5.6,4.5,11.8,5.5,0,0.2,20.8,6.9,40.5
Sundargarh ,Odisha,862,883,72,1030,74.1,35.6,12.9,40.2,91.5,65.5,39.3,87.7,21.1,19.6,69.8,79.8,5.8,5.7,12.6,5.4,0,0.2,21.9,11.5,36.4
Kendujhar ,Odisha,892,971,68.2,1115,67,29.5,29,27.9,92.9,47.6,43.3,79.6,25.9,17,69.2,68.2,5.8,4.7,14.4,5.4,0,0,34.9,13.6,38.7
Mayurbhanj ,Odisha,896,921,63,1056,61.5,25.1,31.3,16.1,80.1,54.4,46.5,76.2,30.2,14.3,72.2,63.6,4.3,3.8,14.3,8.9,0.2,0,34.9,17,37.9
Baleshwar ,Odisha,893,856,77.1,1073,76.5,38.3,26.4,28.4,98.5,70.9,40.6,85.1,23.9,21.6,61.8,57.3,5.5,5.1,12.1,5.9,0.4,0.8,29.8,4.3,38.8
Bhadrak ,Odisha,853,936,81.2,1150,82.6,37,10.4,22.9,100,62,44.9,86.9,24.7,18.3,64,69.9,6.5,5.8,12.5,5.1,0.4,0,34.1,0.3,44.2
Kendrapara ,Odisha,833,860,84.3,1127,86.7,42.5,9.4,27.9,99.7,57.3,50,85.6,20.5,24.1,58.8,57.6,6.5,7.4,12.4,5.4,0.6,0.4,30.9,0.5,41.8
Jagatsinghapur ,Odisha,885,889,84.7,1095,86.3,46.6,12,30.5,99.5,60.1,56.8,92.8,12.9,35.5,59.8,60.9,6.6,9.1,14.8,7.1,0.5,0.3,25.7,0.4,38.1
Cuttack ,Odisha,879,845,80.6,1019,83.2,40.9,14.2,45.1,92.3,60.2,42.3,88.7,15.7,32.5,64.5,59,7.9,8.8,12.1,4.6,0.4,0,25.8,0.5,39.7
Jajapur ,Odisha,889,959,78.7,1018,78.4,38,11.4,28.4,92,47.4,53.9,83.4,24.4,21.3,63.4,74.1,6.6,7.7,13.6,6.1,0.6,0.6,34.4,3.4,40.7
Dhenkanal ,Odisha,845,857,76.2,1047,77.1,33.3,23.7,28.8,63.4,58.2,55.2,84.9,18.9,21.8,65.9,68.7,7,7.1,13,7.4,0,0,28.2,2.6,42.9
Anugul ,Odisha,913,964,73.2,1027,74.6,33.7,25,23.8,76.2,66.4,63.1,86.5,20.6,22.7,75.8,85.7,8.4,6.5,10.2,3.7,0,0,17.2,3.9,39.5
Nayagarh ,Odisha,881,917,76.1,1083,81.9,27.1,35.7,42.3,82.9,67.1,49.3,89.6,13.1,30.3,62.5,61.2,9.9,9.7,10.4,5.9,0.2,0,16.9,0.3,49
Khordha ,Odisha,827,927,84.4,1024,85.7,43.2,17.1,63.3,94.6,73.2,43.2,93.5,10,39.3,68.1,71.5,9.1,11.9,10.1,3.8,0,0.2,20.1,0.5,41.2
Puri ,Odisha,870,930,83.3,1045,87.7,38.1,10.2,34.4,98.5,67.3,61.5,92.7,12.9,40.4,63.3,56.1,8.9,10.6,10.6,4.9,0.2,0.5,25.5,0,45.2
Ganjam ,Odisha,849,955,68.6,1165,71.9,32.6,22.3,63.7,89.6,72.9,51.9,83.1,11.2,36.9,56.7,58.4,6.6,8.3,12.4,7.1,0.3,0.7,17.9,0.2,36
Gajapati ,Odisha,855,883,55.5,1087,50.5,22.5,28.1,28.9,78.1,58.3,39.6,75.8,23.5,17.5,66.1,64.3,5.6,4.8,12.6,4.1,0.3,0,16.5,5.4,33
Kandhamal ,Odisha,915,1015,64.2,1052,70.3,28.1,20,24.1,64.4,52.4,54.5,75.3,21,15.7,48.9,48.8,4.7,5.2,16.8,5.7,0.2,0.2,25.5,1.5,36.1
Baudh ,Odisha,916,970,68.6,1009,71,29.9,25.3,30.9,92.5,52.9,44.7,79.8,22.1,18.5,54.1,53.3,5.1,5.2,13.4,5.1,0.2,0.2,19.1,0.9,38.7
Subarnapur ,Odisha,911,947,74.4,974,79.2,37.8,16.9,41.6,94.2,66.7,45.8,79.1,20.5,21.7,58.8,59.9,6.8,5.9,15.4,4.6,0.2,0.2,17.9,0.8,36.6
Balangir ,Odisha,909,989,69.3,1056,69.8,31.4,14,32.6,92.9,66.3,44,82.4,21.5,15.9,59.4,64.2,5.6,4.7,14.7,2.7,0,0,23.7,0.8,37.9
Nuapada ,Odisha,881,944,60.9,1060,57.2,27.3,15.6,23.2,97.5,58.4,45.3,65,30.7,11.9,64,64.6,5.5,4.7,13.9,6,0,0.8,23.7,0.9,33.6
Kalahandi ,Odisha,919,1034,62.5,1051,63.8,26.5,16.3,28.9,96.5,64.4,48.6,70.5,23.8,15,64.2,66.4,5.2,6,16.5,7.8,0,0,23.2,0.8,36
Rayagada ,Odisha,880,910,50.8,1110,45.1,19.1,33.2,30.2,91.3,50.5,45.5,63.5,26.7,14.8,69.1,73.7,6.6,5.4,9.5,7.2,0.2,0.2,29.1,4.9,31.7
Nabarangapur ,Odisha,916,1017,52.9,1060,41,15.5,39.4,19,99.1,44.1,48.4,60.1,30.9,8.1,69.3,70.8,3.9,2.9,15.7,4,0,0,34.4,6,37.4
Koraput ,Odisha,885,982,50.6,1079,41.7,17.6,35.5,31.5,89.5,39.4,54.6,67.2,27.2,9.2,58.2,60.4,5,2.9,13.5,6.7,0,0.2,32.7,11.5,33
Malkangiri ,Odisha,916,1080,48.9,1137,41.3,14,32.4,20.9,94.7,41.4,47,64.7,38.6,10.1,71.9,67.4,7.4,3.6,10.5,4.9,0,0,33.5,18.4,34.9
Yanam ,Puducherry,919,968,80.9,1089,83.3,51.6,15.9,98.6,100,84.1,29.2,93.1,8.5,51.6,43.1,44.8,6.3,13.2,16.3,7.9,0.2,2.3,0.8,0.2,29.3
Puducherry ,Puducherry,845,830,83.8,1106,91.7,67.2,5.7,95,100,84.6,31.3,99.2,8.1,48.5,56.8,60.5,7,9.1,11.5,3.5,5,1.9,2.1,0.3,16.6
Mahe ,Puducherry,893,981,99.2,1164,99.7,88.2,2.8,90.9,98,99.8,23.6,98.5,6.2,28.8,38.4,43.5,14.6,9.2,20.2,9.3,2.1,1.6,1,0.6,11
Karaikal ,Puducherry,863,890,86.3,1132,89.6,59,7.2,81.2,99.9,84.3,26.9,100,12.7,39.3,54.4,56.1,7.3,13,12.1,4.1,2.5,0.1,5.1,0,27.3
Kapurthala ,Punjab,853,968,79.2,998,85.3,60.3,6.9,84.2,99.4,87.7,20.7,95.6,11.5,42.4,54.5,63.3,6.4,8.4,19.5,8.6,0,0,0.2,0.2,18.9
Jalandhar ,Punjab,867,898,82.1,997,88.1,64.4,7.4,82.3,99.9,88.2,25.9,96.8,11.9,48.3,57,56,5.8,10.7,20.3,8.5,0.2,1,0.7,0.3,17.7
Hoshiarpur ,Punjab,883,1027,89,999,92.8,73.2,4.7,77.3,99.9,89.7,27.7,97.4,10.8,40.7,54.1,50.4,5.3,6.5,22.4,11.1,0.2,0,0.2,0.3,15.8
Shahid Bhagat Singh Nagar ,Punjab,889,1103,82.3,1004,89.9,65.4,6.4,76.4,99.7,91.3,23.3,97.3,9.8,41.8,49.8,58.8,8.1,6.3,21,9.3,0.3,0.1,0.2,0.2,16.9
Fatehgarh Sahib ,Punjab,841,905,80.1,899,87.2,62.3,7.3,74.3,99.7,87.6,35.1,98,9.8,48.2,65.1,59.7,6.5,9.4,18.1,8.7,0.6,0.8,0.2,0.1,17.8
Ludhiana ,Punjab,799,817,81.4,918,85.3,61.6,6.5,83.2,99.9,84.6,25.2,95.7,10.1,45.1,64.3,66,6.8,7.6,15.1,6.9,0.4,0.3,0.5,0.3,19.8
Moga ,Punjab,869,1032,72,906,76,45.2,13.1,71.5,99.2,87.8,23.7,90.5,13.4,33.1,54.4,60.8,5.8,8,18.3,9.6,0,0,0.3,0.5,26.8
Muktsar ,Punjab,849,1022,68.5,942,72.7,39.8,8.6,72.9,97.8,82.9,23.9,90.5,18.4,30.8,61,67.7,6.5,6.6,15.1,6,0,0.2,0.4,0.3,28.7
Faridkot ,Punjab,856,968,71.7,924,75.3,46.5,11.9,79.1,92.5,87.5,20.4,91.5,16.3,39.4,63.2,58.9,5.3,9.1,13.2,7.6,0.3,0.7,0.1,0.2,25.2
Bathinda ,Punjab,824,908,68.7,861,72.5,41.1,14.2,78.1,99.1,88.4,20.1,84.6,16.5,37.5,59.7,59.4,5.3,6.9,16,9.5,0.8,0.5,1,0.5,27.6
Mansa ,Punjab,888,1080,63.6,924,69.4,37.5,11.5,52.3,99.3,85.4,18.4,88,16.1,32.9,60.4,63.5,5.3,5.7,17.1,9.6,0.3,0,0.4,0.3,26.1
Patiala ,Punjab,841,981,76.9,922,78.6,56,7.8,80.4,99.1,88.1,33.8,95.7,14,42.9,65.3,66.8,7.5,10.1,16.7,6.6,0.2,1.2,0.3,0.4,20.9
Amritsar ,Punjab,836,965,78,921,81.7,56.7,9.2,82.9,99.6,86,26.2,96,9.6,42.3,52.1,49.7,5.4,7.3,23.7,9.4,0.8,0.4,0.2,0.1,21.3
Tarn Taran ,Punjab,877,1045,68.6,978,68.6,40.4,10.7,66.2,95.6,82,25,92,12.5,39,61.7,71,5,6.8,18.8,9.3,0,0.7,0.1,0.5,28.2
Rupnagar ,Punjab,816,969,81.8,991,88.9,64,2.4,63.9,98.5,84,37.8,95.8,13.4,45.3,64.5,63.7,6.9,11.2,14,7,0,0.4,0.5,0.3,17.8
Sahibzada Ajit Singh Nagar ,Punjab,821,873,84.3,876,86.7,62.5,10.6,88.9,99.9,87.6,31,95.9,9.5,48.9,59.5,59.5,6.5,9.5,14.3,6.8,0,0,0.5,0.6,21.8
Sangrur ,Punjab,858,1052,73.5,937,79.8,54.4,8,69.8,99.7,92.4,18.7,89.8,14.1,37.6,52.6,62.7,3.3,7,19.1,9.5,0.7,0.5,0.6,0.3,19.1
Barnala ,Punjab,853,956,72.4,883,78.8,53.1,12.8,73.5,99.8,90.7,20.7,90.8,13,37.7,55.2,56.5,4.8,8.4,19.1,9.5,0.5,0.7,0.3,0.3,19.3
Fazilka ,Punjab,897,1131,70.8,944,72.8,41.3,12.4,57.1,97.3,81.8,20.6,85.3,19.4,31.6,66.9,66,6,6.8,16.8,6.2,0.2,0,0.4,0.3,29.5
Firozpur ,Punjab,901,1176,72.5,958,75.7,47.5,10.5,68.6,95.6,84.8,21,93.7,12.6,39.2,61.5,61.1,5.7,6.9,18.7,8,0,0.2,0.1,0.3,25
Gurdaspur ,Punjab,855,960,79,952,84.4,64.6,6.5,81.3,97.6,85.4,23.5,91.8,11.1,41,55.2,54.7,5.2,8.4,22,11.2,0.2,0,0.4,0.6,14.4
Pathankot ,Punjab,851,935,82.8,952,90.5,74,4.6,79.8,98.6,79.2,27,96.8,11,40,55,57.4,4.7,9.3,20.4,10,0.4,0.5,0.4,0.3,8.8
Ganganagar ,Rajasthan,985,1409,68.6,957,71,39.3,13.6,45.5,94.4,83.4,85.3,92.3,14.3,19.5,59,67.2,3.8,5.1,10.3,2.2,0,0,2.1,0.5,29.3
Hanumangarh ,Rajasthan,989,1372,65.1,1015,69.7,38.4,18.6,36.2,97.8,83.8,89,92,19.3,17.6,60.3,61.7,3.9,3,11.5,4,0.4,0.6,1.5,0.1,26.7
Bikaner ,Rajasthan,966,1473,64.6,968,64.3,30.2,33.3,51.4,94.9,79.8,87.4,90.2,17.8,14.4,58.9,63.6,3.9,2.7,6.2,2.2,0.2,0.2,3.4,0.4,34.4
Churu ,Rajasthan,982,1493,62.9,1037,66,33.4,27.9,40.6,98.2,80.2,81.9,87.9,20.3,20.3,52.9,51.2,2.9,2.6,13.1,5.4,0.1,0.4,5,0.4,29.5
Jhunjhunun ,Rajasthan,976,1388,66.8,1063,76.1,45.2,18.1,55.5,98.4,79,86.1,93.6,20,19,55.4,57,2.9,2.9,12.5,5,0.2,0.2,5.9,0.7,21.6
Alwar ,Rajasthan,935,1182,64,991,65.6,35.1,32.2,34.9,97.6,66,80.8,84.9,24.3,17.3,53.2,55.3,3,1.7,13.1,5.3,0.6,0.2,9.7,0.3,28.9
Bharatpur ,Rajasthan,950,1225,62.4,970,63.1,30.3,33.5,24.3,93.9,62.7,84.8,77.7,23.5,12.4,60.8,61.7,3,3.2,11.4,4.9,0.3,0.6,10.5,0.2,32.1
Dhaulpur ,Rajasthan,974,1220,63.2,1002,59.9,27,29.6,36.5,94.8,57.5,89,76,21.5,11.7,68.5,67.4,3,2.6,8.6,3.7,0.6,0,9.9,0.2,36.2
Karauli ,Rajasthan,979,1167,56.5,996,54.8,22.7,33.5,24.2,94.8,49.9,86.4,73.8,23,10.5,61.5,60.5,3.7,2,7.5,1.7,0,0.2,17.3,0.4,33.8
Sawai Madhopur ,Rajasthan,934,1118,57.4,999,57.4,28.3,35.4,29.1,92.5,71.2,80.5,78.2,25.8,11.1,57.5,64.6,3,2,9.6,3.7,0.2,0.2,13.9,0.6,29.1
Dausa ,Rajasthan,982,1332,59.4,986,62.2,34.6,26.3,22.6,99.4,59.4,91.2,86.9,22.7,9.1,60.3,61.6,4.4,2.6,7.8,3,0.3,0,15.8,0.2,24.8
Jaipur ,Rajasthan,957,1241,68.1,944,73.8,47.9,23.1,60.1,99.9,79.6,81.5,91.8,16.6,18.1,54.1,53.6,4.2,2.9,9.1,3.1,0.4,0.1,6.3,0.2,20.2
Sikar ,Rajasthan,971,1458,67.9,1061,73.3,41.4,18,58.4,99.4,77.9,82.4,94,21.4,19.6,44,42.1,2.9,2.6,12.1,4.3,0.1,0.3,7,0.2,26.5
Nagaur ,Rajasthan,985,1601,62.9,1055,67.8,32.3,28.2,45.7,96.9,79,90,86.6,18.9,13,45.3,55.2,3.4,3.1,10.6,2.9,0.1,0.1,5.9,0.3,30.6
Jodhpur ,Rajasthan,978,1535,64.8,1042,68.2,34.6,28.1,56.1,96.5,75.4,87.5,89.5,16.9,13.3,43.4,50.1,3.1,2.2,8.7,2.6,0.2,0.3,6.9,0.2,30.2
Jaisalmer ,Rajasthan,979,1537,61.7,987,63.5,18.7,28.9,30.9,95.2,75.7,93.7,82.8,16.3,11.2,44.4,53.8,2.7,2,6.7,1.7,0,0,5,0.1,43
Barmer ,Rajasthan,973,1621,67,986,67.6,25.6,20.2,26.8,99.9,83.6,97.8,86.3,19.7,4.5,49.4,61.6,4.3,3.6,6.6,1.1,0,0,3.9,0.4,41.4
Jalor ,Rajasthan,927,1318,59.5,982,62.6,22.2,23.3,36.5,98.3,77.4,96.6,79.8,19.7,4.3,59.9,73.8,4.3,4.4,7.9,1.6,0.1,0.1,6.5,0.5,37.3
Sirohi ,Rajasthan,951,1304,59.4,1060,62.2,25.7,18,46,93.6,54.1,92,74.2,17.7,7.9,64,72.2,3,1.7,10.8,2.1,0,0.3,8.7,0.3,33.7
Pali ,Rajasthan,929,1236,67.1,1085,76.3,36.6,11.8,53.1,96.2,81.8,96.2,94.1,16.3,8.1,58.8,69.7,5.4,3.6,8.5,1.9,0,0,4.6,0.1,30.5
Ajmer ,Rajasthan,894,1082,67.3,993,70.2,40.2,20.2,52.9,98.1,77.5,88.7,84.3,14.2,18.9,52.7,54.4,3.8,2.9,6.8,3.3,0.2,0.2,4.1,0.2,27.1
Tonk ,Rajasthan,966,1240,54.8,987,56.4,27.3,37.2,24.1,90.9,66.2,84.5,82.2,23.8,10,52.8,59.6,3,2.4,9.9,4.8,0,0.3,8.6,0.5,27.5
Bundi ,Rajasthan,984,1253,57.9,1002,57.9,27.4,34.1,26.5,95.7,56.3,87.7,77.6,29.6,12.4,55.9,57.2,3.4,2,10.5,4.6,0.2,0.2,13.8,0.5,30.5
Bhilwara ,Rajasthan,952,1147,57.1,1069,58.1,25.3,41.8,26.5,93.1,62.3,89.1,76,16.3,12.4,50.4,52.6,3.9,2.4,10.7,3.5,0,0,4.2,0.4,31.8
Rajsamand ,Rajasthan,919,1153,64.2,1065,69.7,33.9,27.5,37.1,94.8,72.1,93.2,77.9,18.1,8.3,58.4,63.3,3.9,2.2,8.6,2.6,0,0,4.8,0.1,30.3
Dungarpur ,Rajasthan,972,1359,64.6,1029,68.2,32.5,16.9,27.3,94.1,59.9,97.5,85.5,26.8,4.4,72.6,77.3,5.7,4,9.9,1.9,0,0.3,3.6,0.3,32.1
Banswara ,Rajasthan,976,1172,55.9,1056,54.8,28.5,25,21.1,95.6,40.8,84.2,61.3,23.3,4.5,52.8,70.2,5.7,3.1,12.7,3.1,0,0,5.8,0.8,27.4
Chittaurgarh ,Rajasthan,972,1090,55.3,1037,57.5,24.8,42.6,31.3,97.6,63.8,90.6,67.5,20.2,15.3,45.1,46.6,5.6,2.9,11.9,4.3,0.2,0.3,3.7,0.5,30.5
Kota ,Rajasthan,979,1278,74.7,981,77.9,44,13.2,72.3,99.6,79,80.9,83.3,15.5,13,51.8,59.5,3.1,1.8,10,2.8,0.3,0.7,9.2,0.3,30.7
Baran ,Rajasthan,985,1301,61.7,1019,59.7,24.4,26.8,39.6,96.1,59,89.5,74.7,20.5,10.1,60.1,61.3,4.5,2.1,7.6,2.9,0,0,19.3,0.8,37.3
Jhalawar ,Rajasthan,977,1209,55.6,977,56.3,22.4,37.8,33.8,92.4,62.1,93.6,62.1,19.8,8.6,51.5,56.9,4.6,2.7,9.4,3.8,0,0.3,9.8,0.4,33.2
Udaipur ,Rajasthan,961,1277,63.8,998,64.2,30.1,18.2,34.3,92.7,60.3,94.3,85.7,17.5,9.1,60.5,63.3,5.4,2.8,10,3.2,0,0,4.5,0.3,33.7
Pratapgarh ,Rajasthan,978,1199,57,1038,55.4,23.5,30.9,23,88.6,46.3,84.5,67.6,24.1,5.9,53.1,54.9,3.5,1.7,11.8,3.4,0.2,0,2.7,0.4,33.5
North  District ,Sikkim,882,768,78.5,997,81.4,37.7,16,65.9,94.7,83.8,24.5,75.3,3.4,44.1,36.7,45.6,6.5,4.7,22.3,13.1,0.4,0,9.9,22.7,40.8
West District ,Sikkim,906,1034,81.8,959,85.7,43.9,14.1,69.8,89.9,88.9,19.9,92.4,3,24.5,42.7,45.7,3.5,3.7,23,8.9,0.5,0.7,8.9,20.5,37.9
South District ,Sikkim,880,745,80.2,973,90.5,45.7,9.9,66.5,93.3,91.7,20.8,85.3,4.6,34.8,39.8,54.6,6.6,4,19.6,15.8,0,0,15.8,15,34.5
East District ,Sikkim,848,724,86.4,1008,90.1,53.2,9.4,87.6,93.6,85,29.9,84.8,7.7,38.2,43.3,44.6,7.4,5.5,15.4,11,0,1.2,11.2,14.5,33.2
Thiruvallur ,Tamil Nadu,806,775,83.5,979,85.9,57.2,13.4,93.4,100,75.6,57.4,98.8,10.5,48.6,56.8,64.4,6.3,12.1,13.2,6.3,7.9,3.9,1.7,0.1,26.3
Chennai ,Tamil Nadu,743,660,92.7,1037,96.1,76.7,1.9,97.7,98.7,90.4,58.2,100,7.4,41.9,50.3,52.8,10.6,14.2,16,7,6.3,1.1,0.7,0.1,16
Kancheepuram ,Tamil Nadu,816,796,85,1002,84.5,56.8,10,88.1,99.4,75.9,59.7,97.8,12.6,46.4,57,62.7,6.7,13.2,12.2,6.5,6.8,1.7,4.5,0.8,28.2
Vellore ,Tamil Nadu,880,886,80,1070,84.7,52.5,14.9,85.3,97.7,76.2,71.4,98.5,11.4,45.4,50.6,47.2,8.1,11.1,14.1,7.1,0.5,0.2,4.3,0.3,27.5
Tiruvannamalai ,Tamil Nadu,874,786,75.5,1109,81.7,50.2,11.6,70.7,98.5,61.7,69.6,98.7,12.6,37.8,56.6,49.3,6.7,10.1,12.3,3.9,4.3,0.6,4.8,0.2,25.3
Viluppuram ,Tamil Nadu,859,812,73.6,1120,77.8,45.7,19,68.6,98.4,53.8,77.6,98.3,17.2,37,62.5,67.2,6.6,9.2,10,4.2,8.8,3.7,8.8,0.2,27.9
Salem ,Tamil Nadu,882,754,74.4,1057,83.2,51.3,23.7,84.5,97.6,64.5,67.5,98.6,10.1,40.3,46.3,40.9,7.7,8.3,16.4,6.5,14.6,1.7,6.5,0.2,23.1
Namakkal ,Tamil Nadu,888,700,73.5,1142,88.9,55.7,14.2,89.7,99.5,75.2,68.8,97.8,9.4,43.2,51.9,50.3,8,9.9,14.1,7.3,1,0,6.6,0.1,17.8
Erode ,Tamil Nadu,877,774,73.1,1112,83.1,57.8,13.7,95.9,98.9,67.6,77.7,98.7,11.4,37.1,55.4,64.2,6.4,8.3,17,9,8.7,0.7,11.1,0.1,15.3
The Nilgiris ,Tamil Nadu,904,850,85.2,1093,90.6,63.4,11.1,81.5,96.4,83.6,74.5,96.7,10.8,39.5,44.2,37.7,5.4,6.5,20,10.9,12.3,1.2,6.8,1.1,21.8
Dindigul ,Tamil Nadu,924,951,77.8,1066,81,50.1,20.5,76.3,99.5,61,71.9,98.9,12.9,38.5,42.6,41.4,8.2,12.1,16.6,5.7,2.1,0.7,6.5,0.1,27.7
Karur ,Tamil Nadu,862,689,73.2,1154,80.5,51.2,13.3,72.5,99.4,63.6,74.6,97.9,17.9,34.7,65,60.7,9.4,12.7,12.9,7.1,5.8,0.2,5.9,0.4,22
Tiruchirappalli ,Tamil Nadu,851,764,80.7,1123,84.8,57.1,13.5,71.2,98.1,67.1,67.8,96.5,16.7,33.5,62.4,64.7,8.6,12.6,12,5.4,5.4,2.2,3.5,0.4,23.6
Perambalur ,Tamil Nadu,860,724,73.1,1210,83,49,21.4,75.1,100,57.4,75.5,97.8,18,32.9,66.1,61.6,8.4,10.3,11.7,3.8,10.3,3.3,5.5,0.2,24.1
Ariyalur ,Tamil Nadu,864,765,73.5,1143,77.4,50.7,12.4,46.7,93.2,54.6,71.1,98,15.6,33.3,62.4,58.8,8.7,11.7,12.4,4.5,4.3,0.4,8.7,0.1,22.8
Cuddalore ,Tamil Nadu,876,859,76.8,1062,80.5,50.1,12.6,75.6,99.5,61.3,64.4,99.1,14.8,35.1,58.6,55.6,8.3,11,11.8,4.5,4.6,0.6,7.5,0.6,26.7
Nagapattinam ,Tamil Nadu,862,794,79.2,1148,89.3,53.7,6.3,59,100,69.6,70.9,96.2,19.4,31.9,62.6,58.8,6.5,11.4,13.3,7.1,11,2.2,10.4,0.3,25.5
Thiruvarur ,Tamil Nadu,864,783,84.9,1131,91.2,57.5,9.1,58.9,100,71,75.2,98.4,15.4,37.2,58.2,49,10.6,14.4,14.4,5.1,10.4,0.7,11.5,0.4,27.4
Thanjavur ,Tamil Nadu,826,687,80.6,1112,86.4,54.3,4.1,69.4,99.7,79.6,70.6,98.2,12.7,42.8,59,60,7.8,12.9,17,7,4.5,2.2,7.6,0.5,26.3
Pudukkottai ,Tamil Nadu,895,871,74.7,1095,83.7,52.2,11.6,42,95.7,55.2,72.9,95.1,20.3,32,62.5,61.8,6.5,9.4,11.7,5.3,7.6,2.5,7.6,0.8,22.5
Sivaganga ,Tamil Nadu,922,887,78.8,1223,88,59.9,4.5,75.2,96.5,74.4,67.7,99.9,12.7,33.4,51.5,36.4,8.5,11.6,13,3.9,1.5,0.2,2.4,0.4,18.9
Madurai ,Tamil Nadu,914,844,83.9,1079,87.3,58.6,11.5,91.2,98.7,80.1,66.3,98.2,12.2,40.8,48,46.9,7.9,11,15.9,5.4,2.4,0.4,0.8,0.4,25.3
Theni ,Tamil Nadu,920,979,80.9,1168,86.9,56.9,16,89.9,99.9,74.4,67.4,99.7,10.3,45.2,41.2,35.5,8.8,12.6,20,6.1,4.9,0.5,4.3,0.3,24
Virudhunagar ,Tamil Nadu,914,860,80.5,1109,85.3,53.5,15.5,90.5,97.4,59.8,51.3,97.3,14.1,37.4,56.9,59.7,6.2,10.3,10.2,4.3,1.8,0.8,1.8,0.5,27
Ramanathapuram ,Tamil Nadu,899,913,80.3,1147,86.1,53.7,14.7,82.7,93.9,78.6,69.7,98.3,15.7,34.1,53.6,52.2,8,7.7,14.1,6,5.3,0.4,1.1,0.6,26.6
Thoothukkudi ,Tamil Nadu,848,774,86.6,1111,90.3,59.5,8.9,90.7,97,79.4,57.8,99.4,11.9,43.4,55.9,44.3,8.4,11.5,15.5,5.2,1.7,0.4,1.4,0.3,27.1
Tirunelveli ,Tamil Nadu,873,777,84.4,1109,87.3,54.2,10.7,87.9,98.1,79.8,61.3,97.2,13.5,40.2,51,54.5,6.7,12.4,12.8,5.8,5.5,0.2,0.7,0,30.2
Kanniyakumari ,Tamil Nadu,839,711,92.9,1121,98,77.1,4.3,74.4,98.2,96.2,64.1,98.6,5.9,53,45.6,39.3,9.3,18,13.5,6.3,3.9,0.8,1,0.2,15.8
Dharmapuri ,Tamil Nadu,911,827,72.6,1192,80.6,54.4,16.7,82.5,98.7,72.4,75.5,97.5,12.9,33.4,42.5,31.9,5.7,8.4,15,8.1,1.2,0.8,7.9,0.7,18.2
Krishnagiri ,Tamil Nadu,922,909,72.6,1053,79.9,53.9,20.3,86,99.8,75.9,73.6,98.1,11.7,34.5,44,39.4,4.9,7.8,14.9,6.2,0.4,0.6,8.2,0.2,18.7
Coimbatore ,Tamil Nadu,877,763,84.2,1061,90.6,62.8,19.8,95.5,99.9,78.5,61,99.7,10.1,50,48.9,51.4,6.8,10.3,17.1,7.9,8.4,1.1,5.5,0.5,21.4
Tiruppur ,Tamil Nadu,877,726,75.8,1114,87.5,55.1,10.5,95.4,99.8,75.9,59.9,98.5,9.9,45,55.2,56,5.9,11,15.8,7.4,3.7,0.6,5.7,0.1,20.7
Adilabad ,Telangana,913,965,58.6,992,64.8,41,21.4,81.6,95.7,50.8,63.6,77.9,26.9,15.7,61.1,68,4.7,4.5,13,6.5,0.2,0.6,11,2.1,17.6
Bhadradri Kothagudem ,Telangana,893,945,62.7,1082,68.7,41.8,20.8,89.2,99.1,75.3,59.4,92.9,14.9,31,68.7,79.3,9.1,7.5,16.8,6.6,0,3.2,4.7,2.9,20.9
Hyderabad ,Telangana,703,642,80.3,959,83.6,63.2,10.6,99.5,99.6,84.4,48.9,94.2,12.4,51,52.7,70.6,5.4,11.4,14.2,5.3,0,5.9,1.7,0.7,17.1
Jagitial ,Telangana,898,885,55.9,1219,62.4,43.5,28.4,94.7,97.3,76.5,59.2,90.2,22.5,26,56.3,66.2,7.5,6.1,11.9,5.8,1,3.4,11.2,2.6,12.4
Jangoan ,Telangana,888,843,56.6,1066,65.5,44,20.3,91.1,99.4,84.3,71.7,93.6,18.2,24.1,57.5,58.8,6.5,6.9,13.4,6.2,0.2,0.2,4.1,11.3,12.6
Jayashankar Bhupalapally ,Telangana,897,852,52.4,1079,58.9,36.3,24.9,90.3,95.1,65.6,71.5,90.8,17.7,22.4,65.9,64.9,5.3,7.1,15.8,7.9,0.8,4.9,5.6,4.3,16.1
Jogulamba Gadwal ,Telangana,890,975,47.8,1037,45,27.4,34.6,86.1,97,73.7,61.8,77.3,27.5,21.9,64.6,66.9,3.4,4.9,13,5.3,0.5,3.2,9.7,7.1,20.4
Kamareddy ,Telangana,899,857,51.1,1104,58.6,35.6,30.8,82.3,99.4,68.2,66.5,88.3,21.7,21,58.9,65.5,5.4,5.8,14.3,6.8,0.6,1.6,5.6,16.7,15.5
Karimnagar ,Telangana,874,853,63.6,1065,70.3,50.8,11.9,94.9,98.3,78.8,58.6,94.1,20.6,28.8,61.1,73.2,6.2,8.5,11.8,5.8,0.1,1.6,5.7,5.6,12.8
Khammam ,Telangana,893,906,61.8,1061,66.3,40.9,35,97.1,98.4,84.5,60.4,95.4,12.8,36.1,62.4,61.7,6.9,8.3,14.9,6.6,0.3,2.1,2,1.3,20.9
Komaram Bheem Asifabad ,Telangana,897,934,52.9,1024,51.7,28.7,25,85.8,93.6,54,63.6,79.6,25.7,14,67.3,74.5,3.9,3.8,13.3,5.5,0.3,1.2,12.8,3,24.2
Mahabubabad ,Telangana,888,903,55,1067,58,34.7,28.3,86.6,98.2,68.6,69.3,92.8,18.6,23.7,62.8,70.3,7.7,5.6,11.6,6.1,0.5,2,5,12.6,20.3
Mahabubnagar ,Telangana,907,1006,54.8,1035,59.6,40.4,23.4,85.9,99.6,73.7,70.3,95.6,24,24,54.7,61.2,4.9,4.7,14,5.6,0,1.4,7.5,8,14.4
Mancherial ,Telangana,890,846,58.4,1065,69.5,48.8,14,93.1,95.6,78.1,64.4,88.1,21.9,24.6,56.7,62.3,6.7,6,14.7,6.7,0.2,1.9,6.5,1.9,9.6
Medak ,Telangana,881,883,52.3,1051,57.7,39.3,31.8,80.1,99.9,78.2,61.2,89.3,25.4,23.3,54.4,57.7,5.7,7,13.7,6.6,0.4,2.7,6.4,23.8,13
Medchal-Malkajgiri ,Telangana,778,825,72.9,996,79.5,59.3,10.2,99,99.9,86.2,53.8,97.1,15.2,41.8,56.8,56.1,4.4,10.2,13,5.7,0.2,0.7,3,2.4,13.6
Nagarkurnool ,Telangana,896,915,51.1,1066,57.1,36,32.1,87.3,99.6,73.2,68.6,96.6,19.1,22.8,54,62.1,4.5,6.4,12.9,6.5,0.2,2.6,6.2,11.8,15.1
Nalgonda ,Telangana,887,879,59.8,1017,62.6,40.9,28.2,94.6,99.2,76.4,64.8,96.9,15.5,28.5,54.3,60.6,5.9,6.5,10.4,4.8,0.2,1.4,4,7.4,18.9
Nirmal ,Telangana,899,851,53.3,1171,58.6,40.9,23.3,88.8,98.3,63.6,49.9,78.7,26.9,22.5,57.7,57.3,5.6,5.2,13.4,6.1,0.9,1.4,13,3.5,12.4
Nizamabad ,Telangana,891,891,54.3,1132,63.1,42.4,23.7,92.4,99.4,72.5,52.3,88.8,21,27.5,57,65.2,5.1,6.1,13.6,6.7,0.4,1.4,8.6,9.8,11.9
Peddapalli ,Telangana,892,861,61.3,1028,73.7,46.6,13.6,96.6,98,77.8,59.1,93.2,16.5,26.1,64.6,78.3,4.2,7.5,13.4,6.4,0.3,3.5,4.6,4.2,14.7
Rajanna Sircilla ,Telangana,907,901,56.4,1167,64.7,46.4,13.2,96.6,98.7,77.4,62.8,92.2,18.6,23.8,56,61.4,6.5,5.1,15.9,7.3,1.2,3.3,8.5,6.1,10
Ranga Reddy ,Telangana,852,935,68.6,1022,72.1,51.4,29,97,99.4,81.1,58.3,95.3,14.9,40.6,53.2,58,5.2,8.3,14.8,7.9,0.1,1,4.5,6.7,17.2
Sangareddy ,Telangana,892,911,60.2,1053,63.6,41.5,30.6,81.1,99.4,68,58.1,92.2,20,29.4,48.3,59.5,4.4,5.3,14.9,6.3,0.7,2.4,5.4,11.2,18.7
Siddipet ,Telangana,883,832,60.8,1062,71,51.3,19,93.2,97.2,84.1,60.9,88.4,17.9,26.8,56.7,76.6,4,8.4,11.5,6.6,1,3.5,5.2,8.3,9.5
Suryapet ,Telangana,893,851,57.4,1032,63.5,42.5,29.5,94.5,99.8,77.9,63.1,95.5,16,33.9,57.5,64.5,8.1,8.2,12.7,6.2,0.4,4.1,3,6.1,14.9
Vikarabad ,Telangana,880,929,53.1,998,59.3,38.3,39.8,76,99.7,66.7,59.6,93.3,25.6,25.7,61,62,4.8,4.1,15,7.8,0.1,0.6,11.6,17,14.8
Wanaparthy ,Telangana,902,965,49.3,1018,52.1,37,32.6,88.9,99.4,75.9,70.1,95.5,24.6,23.5,58.7,65.2,5.9,7,13.5,4.8,0.3,2.2,8.9,8.7,12.3
Warangal Rural ,Telangana,904,830,51.8,1070,60.1,40,22.9,87.8,99,74.3,72,93.5,22.6,26.4,59.3,64.3,6.6,7.6,15.4,6.2,1.1,3.8,2.8,6.5,11.8
Warangal Urban ,Telangana,888,900,70.3,1087,76.9,57.2,22.7,94.6,99.1,81.2,62,96.4,16.8,32,57.9,54.9,7.7,7.3,10.8,5.6,0,0.4,1.5,2.9,13.1
Yadadri Bhuvanagiri ,Telangana,896,947,59.1,1071,68.4,48,21.6,94.9,99.7,81.9,65.3,94.8,19.4,24.6,53.8,60.1,6.1,6.9,12.5,6.8,0.2,2.1,5.6,12.9,11.1
Dhalai ,Tripura,920,979,74.8,1034,71.6,13.9,38.9,34,70.3,67.6,44.2,63.2,15.9,19.1,70,65.4,8.5,5.7,9,3.5,0.4,0.5,55.2,7.5,60.9
Gomati ,Tripura,889,851,80.1,1011,77.2,22.8,42.8,47.7,87.7,77.4,29.9,71.5,14.1,19.6,62.3,63.2,7.9,7.5,10.5,3.6,0.4,1.2,49.6,9.4,57.3
Khowai ,Tripura,908,872,81.3,1059,80.5,18.9,28.3,41.5,83.2,67.8,44.1,69.2,18.7,15.4,63.7,64.8,9.9,7,11.3,5.2,0,0,51.3,9.6,62.4
North Tripura ,Tripura,909,1039,86.4,1040,83.1,23.7,34.2,41.6,75.6,74.1,28.7,74.2,18.6,16.8,69.3,72.3,10.6,7.3,9.8,4.5,0,0,52.5,6.1,62.7
Sepahijala ,Tripura,888,892,78.9,1021,79.6,21.7,51.9,37.1,97.4,75.4,31.6,68.3,13.9,24.2,69.4,70.4,8.7,8.6,9.9,4.3,0.2,0.4,47.6,8.1,57.2
South Tripura ,Tripura,888,866,80.4,1054,80.3,21.6,46.2,29.4,90.5,68.6,37.3,49.6,16.8,22.8,66.5,70.8,8.3,8.1,11.4,4.9,0.5,1.8,51,5.6,58.8
Unakoti ,Tripura,904,950,81.6,1079,76.4,18.7,38,29.2,78.6,61.8,28,56.8,26,16.6,67.9,72.9,8.6,8,10.9,5.2,0,0,54.9,3.4,62.9
West Tripura ,Tripura,903,865,85.3,937,86.2,30.9,37.1,65.2,98.5,80.2,28.1,81.5,13.7,26.8,67.3,64.9,8.4,9.3,12.7,6.6,0.6,0.4,47.7,3.5,54.4
Saharanpur ,Uttar Pradesh,966,1318,69.3,984,73.8,38.2,7,56.6,99.7,83.8,11.8,76.7,12.8,16.4,41.4,46.9,4.8,3.2,15.5,6.5,0.1,0.2,2.4,0.5,31.1
Bijnor ,Uttar Pradesh,949,1348,69.6,1059,74.1,39.7,5.2,45.8,99.7,78.2,18.8,77,17,28,46,46.8,4.1,6.6,13.2,4.5,0,0.2,3.6,0.2,29.9
Rampur ,Uttar Pradesh,876,1092,57.6,1022,59.3,26.9,10.5,46.2,100,79,13.1,74.3,13.6,20.6,55.4,59.3,6.6,5.5,10.7,5.1,0.2,0.4,4.9,0.1,30.7
Jyotiba Phule Nagar ,Uttar Pradesh,973,1411,63.7,1001,64.4,35.4,11.6,45.4,99.7,78.9,8.3,74,16,19.7,47.6,51.7,2.8,3.4,13.4,4.2,0.2,0.2,4.4,0.4,28.3
Meerut ,Uttar Pradesh,918,1212,74,967,80.2,47.3,7.6,68.5,99.7,82.7,18.4,83.6,12.8,38.5,45.5,45.1,5.8,7.8,12.6,5.5,0,0,2.6,0.2,26.7
Baghpat ,Uttar Pradesh,930,1304,71.6,938,78.1,44,8.1,51.5,99.9,87,12.5,81.4,14.9,34.5,53.3,56.5,5.8,5.7,13.3,6,0,0,4.7,0.3,27.6
Gautam Buddha Nagar ,Uttar Pradesh,713,863,78,897,80.6,51.9,13.5,75,99.9,74,23.8,89.6,15,34.7,59.4,57.8,6.9,7,9.8,4,0,0.2,3,0.2,26.1
Bulandshahr ,Uttar Pradesh,924,1105,67.7,979,72.1,37.8,12.8,48.4,100,81.5,20.5,79,15.8,32.2,52,54,6.7,5.7,13,6.4,0.2,0,4.1,0.2,29.9
Aligarh ,Uttar Pradesh,883,1073,68,1031,68.7,37.5,15.8,51.4,100,69.4,17.6,79.6,18.6,29.4,56.5,52.5,7.4,5.3,11.8,4.3,0.4,0,5.1,0.1,30.5
Mahamaya Nagar ,Uttar Pradesh,946,1234,67.9,1029,68.7,39.1,28.1,46.5,99,73.3,10.9,66.9,15.9,23.8,58.2,60.9,3.6,3.3,13.6,6.3,1.7,2.2,8,0.5,28.8
Mathura ,Uttar Pradesh,935,1175,68.4,935,67.9,34.7,21.3,47.3,98.4,71.2,10.8,74.7,18.1,25.4,63,67.8,3.9,2.8,13,6.2,0.5,0.2,9.3,0.1,33.7
Agra ,Uttar Pradesh,944,1226,69.4,952,65,36.1,17.9,67.5,99.8,70.8,9.4,76.5,15.4,25.2,59.4,61.4,3.7,3.2,10.3,5.2,0.3,0.4,8.9,0.6,33.3
Firozabad ,Uttar Pradesh,951,1178,72.5,950,74.4,42.4,24.8,53.5,99.4,69,13.4,70,18.8,24.3,57.1,61.8,4.5,2.5,11.9,5,0.2,0,5.2,0.3,30.1
Mainpuri ,Uttar Pradesh,976,1258,74.6,1016,78.4,45.8,16,39.8,99.6,63.1,16.1,71.3,15.3,21.7,57.8,61.4,4.4,3.6,9.7,3.3,0.4,0,2.9,0.5,28.8
Bareilly ,Uttar Pradesh,874,1088,55.8,965,54.7,22.1,11.4,54.6,100,79.7,18.7,71.9,18.2,25,60.8,66.2,3.6,5.4,10.9,4.2,0,0,5.5,0.1,33.7
Pilibhit ,Uttar Pradesh,898,1040,60.1,922,59.3,28.5,16.2,48.1,100,76.8,21.4,71.1,16.4,21.4,52,58.4,5,5,11.8,5.5,0.2,0.4,4.9,0.2,31.6
Shahjahanpur ,Uttar Pradesh,980,1286,63.2,977,59.5,27.7,20.9,40.4,100,69.2,14.2,59.6,17.8,17.2,60.3,58.7,4.5,4.3,11.2,4.1,0.2,0.2,6.6,0.2,35.5
Kheri ,Uttar Pradesh,971,1280,66.3,998,62,28.7,19.7,35.9,99.9,65.6,22,58.1,30.9,16.4,53,52.5,4,4,12.8,5.7,0,0.3,14.8,0.2,37.6
Sitapur ,Uttar Pradesh,960,1212,65,970,59.2,23.9,20.8,31.5,99.7,52.5,23.2,55.5,30.1,15.4,55.3,61.2,3.7,3.9,11.4,5.5,0.2,0.4,13.8,0.1,41.1
Hardoi ,Uttar Pradesh,983,1206,64.6,975,59.3,26.5,19.3,29,99.9,55.7,16,63.8,22.9,13.6,59.7,61.1,4.1,3.4,11.9,4.4,0.3,1.5,6.5,0.1,38.1
Unnao ,Uttar Pradesh,984,1128,69,993,68.2,37,18.9,43.4,98.5,60.3,15.3,65.4,22.6,20.6,48.9,49.6,4.4,3.7,13.5,5.7,0.7,2.4,9.5,0.3,32
Lucknow ,Uttar Pradesh,832,958,80.8,950,79.8,51.9,9.9,78.3,99.8,80.4,15.8,84.8,15.7,34.8,55.8,52.8,6.1,7.8,12.4,6.4,0,0.4,7.7,0.2,28.9
Farrukhabad ,Uttar Pradesh,969,1276,67.1,972,65.1,33.3,18.8,45.5,99.7,72.6,13.5,61,18.3,15.7,56.9,58.3,3.3,2.9,9.1,3.4,0.2,0.4,6.4,0.3,33.8
Kannauj ,Uttar Pradesh,989,1317,71.3,1003,68.3,37.3,10.4,35.5,99.9,70.1,15.3,66.5,20.5,18.8,65.2,68.8,3.1,3.3,8.9,3.2,1,1.2,8.7,0.3,34
Etawah ,Uttar Pradesh,978,1225,74.6,968,79.7,45.7,16.3,48.6,99.5,78.1,17.9,76.5,16,23.7,57.4,65.6,4.9,3.6,11.8,3.9,0,0.2,5.2,0.1,28.9
Auraiya ,Uttar Pradesh,977,1309,75.9,1021,79.3,46.2,18.1,33.7,99.5,74.3,18.4,77.1,18.8,19.3,39.1,44,3,3.2,14.1,5.1,0.3,0.7,9.3,0.3,29.7
Kanpur Dehat ,Uttar Pradesh,979,1213,73.9,974,75.6,45.4,12.7,39.3,99.4,70.6,17.9,76.2,17.1,19.6,54.9,55.6,4.2,2.9,7.2,3.7,0,0.6,10.2,0.4,28.5
Kanpur Nagar ,Uttar Pradesh,980,1150,80.4,925,82.7,58.5,10.9,76.9,98.8,77.5,16.1,87.6,13.8,25.2,57,63,5.1,4.3,10.1,4.4,0.5,1,9.5,0.3,21.9
Jalaun ,Uttar Pradesh,978,1373,71.9,937,71,38.9,16.9,36.5,99,80.2,17.6,80.1,22.2,14.6,44.2,39.5,2.6,2.3,11.5,3.6,0,0,13.4,0.2,33
Jhansi ,Uttar Pradesh,984,1326,71.1,946,72.5,43.3,25.1,51.9,96.8,73.2,11.4,82.1,18.7,12.6,41.3,40.2,2.8,1.7,11.7,2.4,0.5,0.9,10.1,0.3,27.8
Lalitpur ,Uttar Pradesh,982,1484,66.8,997,61.3,23.8,42.5,20.3,96.6,64.2,11.7,63.8,22.4,13.2,38.1,42,2.6,1.7,10.7,4.7,0.2,0.5,5.5,0.7,43
Hamirpur ,Uttar Pradesh,980,1389,70.8,1003,73.2,37.6,10.5,29,99.4,77.7,21.9,77.4,22.5,9.3,46.1,49.7,2.6,1.6,13.7,2.3,0.2,0.5,17,0.2,33.2
Mahoba ,Uttar Pradesh,978,1347,65.2,972,69.7,30.7,20.8,28.2,94.3,69,16.2,77.9,28,10.6,49.4,53.5,3.4,1.9,10.9,3.2,0.7,1.8,13.2,0.2,34.5
Banda ,Uttar Pradesh,977,1189,61.8,956,62.6,27.1,19,26.8,98.2,59.3,13.3,52.6,25.7,13.5,52.2,54.5,6.6,3.2,12.5,4.6,1.4,1.7,19.7,0.5,34.7
Chitrakoot ,Uttar Pradesh,985,1176,63.8,950,62.1,30.2,21.8,31.2,97,56.7,17.4,55.8,24.1,14.5,46.6,51.9,1.6,1.3,8.4,3.1,0.4,1.3,12.7,0.5,33.6
Fatehpur ,Uttar Pradesh,989,1206,63.4,1035,66.5,37.3,10.4,38.9,98.8,63.1,16.8,70.4,24.7,15.8,63,60.5,2.5,2.5,10.5,4.3,1.1,1.5,20.8,0.8,26.1
Pratapgarh ,Uttar Pradesh,916,1267,67.2,1229,77.7,49.7,11,37.1,97.8,52,14.9,69.1,19.6,25,48.9,51.6,6.9,6.7,10.2,4.9,0,0.2,11.9,0.5,17.5
Kaushambi ,Uttar Pradesh,914,1100,63.2,1069,62,31.9,17.6,37,98.3,59.6,20.2,67.1,24.1,17.3,54.4,54.8,6.7,4.5,5,3.4,0.2,0.6,14.9,0.2,31.3
Allahabad ,Uttar Pradesh,856,1124,70.6,1083,70.8,47.6,13.8,45.1,95.8,59.5,20.6,79.9,17.3,25.5,46.4,49.1,6.3,6.7,7.9,3.1,0.4,0.7,11.9,0.2,23
Bara Banki ,Uttar Pradesh,967,1186,65.1,1074,61.1,29.5,20.4,47.8,98.8,62.4,14.6,58.1,26,17.1,55.3,61.1,3.2,4.6,11.1,6,0,1.2,11.2,0.2,35.6
Faizabad ,Uttar Pradesh,914,1213,71.1,1049,77.7,49,7.6,41.3,100,64.4,19.8,71,20,24.5,52.3,52.7,7.9,8.6,8.9,4,0,0.2,8.7,0.2,22.1
Ambedkar Nagar ,Uttar Pradesh,908,1259,71.6,1097,78.5,53,5.5,32.2,100,63.6,23,77.5,26.7,20.3,52.7,55,7.2,6.6,9.1,5.6,0.4,0.4,12.8,0.2,18.6
Bahraich ,Uttar Pradesh,956,1128,48.2,1012,41.6,14.4,37.5,38.2,100,44.2,10.1,48.4,29.9,12.5,48.8,52.6,2.1,3.1,13.4,7.4,0,1.3,26.6,0.6,33.8
Shrawasti ,Uttar Pradesh,974,1233,47,1037,40.8,15.9,51.9,36.9,99.3,58.1,13.5,47.4,22.8,13.7,44.4,46.4,3.9,3.6,9.8,4.6,0.4,0.6,24.2,0.3,31.1
Balrampur ,Uttar Pradesh,979,1235,53.1,1075,44.9,16.8,35,39.6,99.8,59.7,13,53,22.2,14.8,53.7,54.7,3.3,4,13.7,7.1,0.5,1.6,23.6,0.4,36.3
Gonda ,Uttar Pradesh,972,1292,61.7,1078,60.4,31.5,25.4,56.2,100,44.6,13.4,61.4,24.6,17.5,49.3,51.6,3.6,3.7,12.2,6.1,0.5,1.2,18,0.4,30.2
Siddharthnagar ,Uttar Pradesh,949,1396,57.7,1177,49.1,17,33.9,50.6,99.9,42.8,12.2,63,25.8,12.9,51.2,50.9,4,4.8,11.8,5.3,0.4,0.2,14.6,0.2,40.7
Basti ,Uttar Pradesh,979,1362,64.4,1098,65.3,40.9,15.9,57,100,64.2,15.8,73.3,20,16.8,39.9,41.1,4.3,4.9,11.2,6,0.5,0,10.2,0.2,23.5
Sant Kabir Nagar ,Uttar Pradesh,958,1266,63.8,1185,62.7,34.8,16.8,58.1,99.9,65.1,20.4,63.4,19.3,15.9,43.5,47.1,4.5,3.3,13,5.7,0.3,0.2,9.9,0.3,29
Mahrajganj ,Uttar Pradesh,946,1316,62.4,1116,64.1,33.8,24.1,65.1,100,66.7,18.2,80.6,17.9,19.9,47.1,43.4,6,5.4,11.3,5.2,0.3,0.3,5.9,0.3,28.6
Gorakhpur ,Uttar Pradesh,958,1360,67.6,1089,70.1,42.8,14.6,66.8,99.8,69.6,17.9,78.3,18,21.1,52.9,55.8,6.9,6.2,10.2,4.6,1.3,0.9,5.4,0.1,24.8
Kushinagar ,Uttar Pradesh,946,1312,63.7,1145,64.4,34.1,17.7,55.2,100,73.1,15.6,77.3,19,20.2,42.3,45.7,4.9,4.9,9.3,4.6,0.3,0.3,4.3,0.2,29.6
Deoria ,Uttar Pradesh,949,1317,69,1046,73.7,50.4,13.7,67.2,99.8,69.1,10.5,76.9,16.8,19.3,33.8,39,4.2,4.4,10.3,5.8,0.8,0.5,2.3,0.3,18.6
Azamgarh ,Uttar Pradesh,902,1354,71.2,1141,78.9,52.6,12,37.6,100,72.8,9,79.3,22.1,21.5,54.3,57.8,6.8,6.9,12,5.4,1.5,0.6,9.4,0.3,18.6
Mau ,Uttar Pradesh,960,1310,68.8,989,74.4,53.1,11,54.2,99.8,75.1,16,76.6,16.5,20.2,44.3,53.8,4.8,5.4,16.3,5.2,1,1.2,6.4,0.4,15.7
Ballia ,Uttar Pradesh,959,1254,68.1,1009,73.3,50.1,9.9,53.8,99.8,61.7,10.6,71.6,16.8,16.6,52.2,58,5,6.1,10.6,3.8,0.4,0.7,2.2,0.5,18
Jaunpur ,Uttar Pradesh,977,1561,69.9,1066,77.3,52.7,11.8,55.2,99.1,62.6,12,83.5,17.5,15.7,34,41.4,3.5,3.4,10.2,3.8,0,0.1,5.8,0.6,17.2
Ghazipur ,Uttar Pradesh,966,1363,69.7,1053,75.8,51.4,13.5,39.3,99.3,64.1,10.6,77.6,19.4,14.3,45.7,49.8,4.9,3.4,9.1,3,0.1,0.2,4.4,0.2,18.3
Chandauli ,Uttar Pradesh,950,1272,68.8,986,73.9,47.2,17.2,42.3,97.5,66.7,28.1,80.6,21.4,23.1,48.7,52.4,5.2,4.2,11.5,5.8,0.8,0.6,7.1,0.4,21.6
Varanasi ,Uttar Pradesh,936,1403,74.1,951,80.6,55,10.4,71.5,98.4,83.2,12.8,85.6,15.7,22.6,37.6,42,4.3,4.2,13.3,3.9,0.9,1.6,5.5,0.4,19.1
Sant Ravidas Nagar (Bhadohi) ,Uttar Pradesh,884,1352,67.3,1082,72.6,46.5,19.6,39.9,96.7,68.8,18.8,74.8,15.8,26.5,43.8,39.7,4.3,4,9.3,4.1,0,0.6,7.4,0.1,20.8
Mirzapur ,Uttar Pradesh,942,1176,69,1003,73.4,43.8,16.6,42.5,96.9,72.3,15,75.4,20.9,22.3,42.1,43.6,3.8,5.1,13.7,6.3,0.2,0.8,5.4,0.1,25.2
Sonbhadra ,Uttar Pradesh,952,1158,62.1,995,64.8,35.7,17.7,30.4,89.6,70.6,19.7,68.9,20.9,15.3,44.5,44.2,5.1,2.6,12.9,5,0,0.2,5.8,0.6,26.4
Etah ,Uttar Pradesh,953,1267,68,1047,70.8,38.8,20.1,39.6,99.8,62.7,12.8,64.5,18.7,20.4,55.4,60.9,3.7,2.1,11.2,3.6,0.3,0,5,0.6,29.2
Kanshiram Nagar ,Uttar Pradesh,950,1143,62.2,1040,60.6,29.7,23.2,36.6,99.4,69.8,15.1,55.4,17.7,20.7,64.6,64.1,3.6,2.8,9.3,4.8,0.2,0.2,6.9,0.4,32.5
Amethi ,Uttar Pradesh,906,1255,66.1,1170,67.3,34.6,14.9,26.4,98.7,60.9,20.9,71.8,21,23.5,46.1,45.4,5.9,6.5,12.7,5,0.2,0.4,11.5,0.4,31.5
Budaun ,Uttar Pradesh,944,1134,54.9,933,52.4,21.6,22.9,39.8,99.8,69.7,13.6,58.8,19.4,15.2,55.3,55.6,5,3.6,8.6,3.4,0.4,0.2,7.1,0.5,33.3
Ghaziabad ,Uttar Pradesh,716,805,78.9,930,81.8,55.2,8,92.4,99.1,84.5,20,91.7,11.1,43.7,55.2,59.8,7.8,9.4,10.3,6.4,0,0.9,1.7,0.1,23.7
Hapur ,Uttar Pradesh,976,1357,71.8,917,75.3,43.5,7.1,68,99.9,85.6,14.9,88.6,9.4,32.4,50.6,55.7,4.1,3.3,15.6,6.3,0.1,0.3,2.4,0.1,28.3
Moradabad ,Uttar Pradesh,953,1264,67.6,1002,69.4,42.6,9.6,58.3,99.8,79,17.1,78.5,13.4,17,44.9,43.4,5.2,3.9,13.6,6.4,0.8,0.4,3.6,0.3,25
Muzaffarnagar ,Uttar Pradesh,932,1201,69.1,957,73.4,41.8,7.3,59.8,99.9,80.1,8.2,78.1,11.1,28.1,46,48.8,5.5,5.2,14.9,5,0.2,0.2,3.7,0.3,27.3
Rae Bareli ,Uttar Pradesh,985,1258,66.4,1102,66.5,36.1,14.3,39.4,98.1,55,16.8,70.9,18.5,18.7,48.2,49.7,3.9,3.7,11.3,5.9,0.2,0.7,11.8,0.5,30.3
Sambhal ,Uttar Pradesh,963,1314,56,1019,52.6,24.1,21.1,38.2,100,72.8,13.7,60.2,16.1,19.6,51.3,57.3,3.5,3.2,14.2,4.8,0,0.2,4.9,0.2,31.9
Shamli ,Uttar Pradesh,950,1300,62.7,989,65.8,32.6,10.8,53.6,99.9,83.3,14.8,74.1,9.8,22.6,41.7,49.5,4.6,3.6,12.7,7,0.2,0.2,3.7,0.3,30.1
Sultanpur ,Uttar Pradesh,922,1282,68.9,1151,74.9,46.6,7.9,33.7,99.5,65.1,20.7,74.8,20.8,22.9,50.2,45.4,5.6,6.9,13,5.8,1.8,1.7,14.2,0.1,22.3
Uttarkashi ,Uttarakhand,947,1049,69,1024,81.2,53.6,5.7,32.6,96.1,75.7,80.3,90.2,12.9,21.5,60.9,66.1,4.5,3.5,12.5,5,0.1,0.8,2.5,0.5,15.4
Chamoli ,Uttarakhand,929,1016,79.1,1087,90.5,59,3.4,37.4,94.4,87.6,71.1,96.8,9.6,24.2,41.8,39.3,3.4,2.9,15.1,3.7,0,0.6,2.2,0.2,20.1
Rudraprayag ,Uttarakhand,962,1032,73,1242,87.2,56.4,8.6,35.1,93.9,86.8,76.6,96.8,8.8,25.3,40.6,43.1,5.7,4.2,12.7,4.4,0,0.2,2,0.2,16.6
Tehri Garhwal ,Uttarakhand,947,971,62.2,1236,75.5,50.8,6.3,34.9,84.1,84.6,71.2,93.7,12.7,20.9,42.2,46.9,3.7,4.1,13,5.5,0,0,3.8,0.2,11.4
Dehradun ,Uttarakhand,872,979,82.9,915,87.6,62.6,6.6,88.8,99,83.9,67.3,94.1,13.1,39.8,47.9,45.6,4.5,8.2,12.7,6,0,0,2.4,0.2,20.3
Garhwal ,Uttarakhand,894,836,75.5,1166,85.8,56.2,8.6,48.1,83.5,83.3,62.7,86.5,16.1,21,40.3,44.3,4.4,4.9,14.5,5.2,0,0,6.4,0.7,19.3
Pithoragarh ,Uttarakhand,967,1085,79.7,1043,89.1,55.5,16.2,45.9,90.9,84.5,72.8,94.6,11.5,21.8,25.5,30.2,3.5,2.4,14.8,6.7,0,0,4.3,0.3,24.2
Bageshwar ,Uttarakhand,975,1008,73.9,1174,87.8,52.2,12.9,34.6,92,88.5,71.9,91.2,17.2,17.6,27.8,27.3,3.8,3.8,13.1,5.7,0,0,7.7,0.5,21.7
Almora ,Uttarakhand,975,938,72.3,1331,88,48,1.5,35.9,93.3,89.2,66,88.6,15.6,19.5,33.4,31.8,5.3,3.7,13.6,8.2,0.7,0.4,5.5,0.1,24.3
Champawat ,Uttarakhand,979,1177,75.9,1112,84.7,51,11.7,39.8,95.4,82.7,65.7,94.4,14.6,17.9,32.5,33.6,3.3,3.7,12.9,5,0.5,0,4.9,0.2,24.9
Nainital ,Uttarakhand,939,1078,80.3,1014,85.4,55.2,11.3,71.6,93,82.4,60.8,90.7,12.7,33.3,34.5,38,4.6,6,14.3,5.9,0.2,0,5.2,0.4,25.1
Udham Singh Nagar ,Uttarakhand,940,1143,70.5,957,72.3,41.1,14.6,64,99.9,70.9,59,93.6,14.1,35.4,51,51.6,5.3,8.1,12.6,7.2,0,0.6,5.3,0.4,29.4
Hardwar ,Uttarakhand,843,968,73.9,946,76.4,40.3,9.9,61.5,99.6,69.8,46.6,85.4,15.9,29.8,43.8,31.5,2.6,5.5,15,6.9,0.5,0.9,5.7,0.4,33.6
Darjiling ,West Bengal,898,1058,78.3,1029,77,41.3,21.2,68.8,90.8,83,26.3,92.7,11.8,28.3,59.2,60.1,7,4.8,16.2,10.1,0.3,0.2,14.4,5.8,37
Jalpaiguri ,West Bengal,919,1101,73.7,1038,73.6,33.9,18.7,42.7,95.2,73.2,35.8,82.3,15.8,16.7,71.4,66.6,7.9,5.2,12.6,6.3,0,0,19,2.8,39.8
Koch Bihar ,West Bengal,920,1095,75.7,1058,79.2,26.7,46.7,25.7,99.3,75.7,36,83.5,18.1,16.5,74.8,71.2,8.3,4.6,12.8,6.1,0.2,0.2,22.3,0.3,49
Uttar Dinajpur ,West Bengal,922,1129,68.1,1093,65.4,29.3,30.3,27.2,99.8,63.8,21,79.6,16.5,14.6,72.4,63.6,8,4.7,10.4,3.9,0,0,10.2,1.7,38.8
Dakshin Dinajpur ,West Bengal,920,1137,77.7,1106,74.3,30.5,45.6,28.7,99.7,79,28.3,76.6,14.9,20.2,82,78.7,10.5,6.7,9.7,4.1,0.2,0.2,12.8,2.3,47.2
Maldah ,West Bengal,911,1113,71.3,1062,72.3,30,49.1,29.6,99,62,29,83.6,15.7,22,73.6,68.5,8,7.8,11.4,5.5,0,0.2,8.4,0.3,41.3
Murshidabad ,West Bengal,917,1144,74.7,1103,67.6,24.2,55.4,30.7,99.1,69.7,28.4,85.7,19.9,25.2,77.6,73,8.9,8.8,10,5.3,0.3,0.2,5.1,0.9,50.5
Birbhum ,West Bengal,922,1161,73.6,1033,70.8,25.8,49.9,28.1,99.4,55,37.7,79.3,20.5,13.4,77.7,78.6,8.7,7.2,10.7,4,0.2,0,8.1,1.7,47.8
Nadia ,West Bengal,919,1034,77.6,1071,76.2,28.3,39.9,34.2,98.2,78.4,23,83.4,8.3,28.6,73.4,68.2,11.1,7.9,11.3,5.3,0,0,6.8,0.4,49.3
North Twenty Four Pargana ,West Bengal,924,1055,82.4,1013,85.5,40.7,33.6,58.9,99.5,80.4,30.7,89.6,6.5,26.4,65.3,68.4,9.7,8.4,11.1,5,0.2,0.2,7,0.4,41.7
Hugli ,West Bengal,892,1020,81,1082,77.4,37,40.8,54.6,98.1,76.2,26.5,86.5,14.1,34.6,75.1,75.1,8.8,9.5,12.2,5.4,0.4,0.6,8.1,1.5,44
Bankura ,West Bengal,889,997,68.7,1053,68.3,27.9,45.7,20.8,96.3,49.2,43.4,79,28,13,77,80.3,8.1,7.1,11.5,5.1,0.2,0,21.5,0.6,40.8
Puruliya ,West Bengal,912,1050,63.6,1065,61,26.9,37,23.2,87.6,29.2,35.6,72.7,33.7,9.6,76.7,79.2,10.1,4.8,9.6,3.9,0.2,0.2,26.7,1.1,36.7
Haora ,West Bengal,916,1067,82,1011,80.5,40.1,30.4,61.9,99.5,72.9,20.1,94.1,10.3,22.8,65.3,67.1,9.5,6.2,13.6,6.8,0,0.1,6,0.7,41.9
Kolkata ,West Bengal,879,921,87.2,954,87.6,55.4,16.7,91.7,99.3,60.9,21.1,97.5,6.6,29,58.2,61.4,10.6,9.4,15.1,4.9,0,0,6,1,31.8
South Twenty Four Pargana ,West Bengal,917,1089,80.9,1055,85.6,34.9,41.9,36.2,100,70.1,36.7,80.3,9.9,21.2,61.6,57.3,7.2,8.2,13.5,5.6,0,0.2,6.3,0.4,46
Paschim Medinipur ,West Bengal,910,1002,72.1,1089,70.9,26.2,55.7,17.5,95.5,58.3,25.8,67.3,18.9,19.1,81.5,84.5,9.3,7.8,9.1,5,0,0,18.8,1.5,45.9
Purba Medinipur ,West Bengal,873,957,83,1031,77,30.9,57.6,17,87.8,69.8,21.5,78.4,16.5,27.4,70.4,73.8,8.8,11,9.6,4.7,0.2,0.5,12.9,2,52.1
Paschim Barddhaman ,West Bengal,912,1190,74.8,977,73.5,37.1,31.8,56.3,95.2,71.5,21.8,84.4,18.4,20.4,65.8,65.6,8.5,7,9.6,4.3,1.3,0.4,11.8,0.8,37.7
